Chain,ResNum,ResName,AtomNum,AtomName,Hydrophobicity
A,94,SER,858,N,-0.800
A,94,SER,859,CA,-0.800
A,94,SER,860,C,-0.800
A,94,SER,861,O,-0.800
A,94,SER,862,CB,-0.800
A,94,SER,863,OG,-0.800
A,95,SER,864,N,-0.800
A,95,SER,865,CA,-0.800
A,95,SER,866,C,-0.800
A,95,SER,867,O,-0.800
A,95,SER,868,CB,-0.800
A,95,SER,869,OG,-0.800
A,96,SER,870,N,-0.800
A,96,SER,871,CA,-0.800
A,96,SER,872,C,-0.800
A,96,SER,873,O,-0.800
A,96,SER,874,CB,-0.800
A,96,SER,875,OG,-0.800
A,97,VAL,876,N,4.200
A,97,VAL,877,CA,4.200
A,97,VAL,878,C,4.200
A,97,VAL,879,O,4.200
A,97,VAL,880,CB,4.200
A,97,VAL,881,CG1,4.200
A,97,VAL,882,CG2,4.200
A,98,PRO,883,N,-1.600
A,98,PRO,884,CA,-1.600
A,98,PRO,885,C,-1.600
A,98,PRO,886,O,-1.600
A,98,PRO,887,CB,-1.600
A,98,PRO,888,CG,-1.600
A,98,PRO,889,CD,-1.600
A,99,SER,890,N,-0.800
A,99,SER,891,CA,-0.800
A,99,SER,892,C,-0.800
A,99,SER,893,O,-0.800
A,99,SER,894,CB,-0.800
A,99,SER,895,OG,-0.800
A,100,GLN,896,N,-3.500
A,100,GLN,897,CA,-3.500
A,100,GLN,898,C,-3.500
A,100,GLN,899,O,-3.500
A,100,GLN,900,CB,-3.500
A,100,GLN,901,CG,-3.500
A,100,GLN,902,CD,-3.500
A,100,GLN,903,OE1,-3.500
A,100,GLN,904,NE2,-3.500
A,101,LYS,905,N,-3.900
A,101,LYS,906,CA,-3.900
A,101,LYS,907,C,-3.900
A,101,LYS,908,O,-3.900
A,101,LYS,909,CB,-3.900
A,101,LYS,910,CG,-3.900
A,101,LYS,911,CD,-3.900
A,101,LYS,912,CE,-3.900
A,101,LYS,913,NZ,-3.900
A,102,THR,914,N,-0.700
A,102,THR,915,CA,-0.700
A,102,THR,916,C,-0.700
A,102,THR,917,O,-0.700
A,102,THR,918,CB,-0.700
A,102,THR,919,OG1,-0.700
A,102,THR,920,CG2,-0.700
A,103,TYR,921,N,-1.300
A,103,TYR,922,CA,-1.300
A,103,TYR,923,C,-1.300
A,103,TYR,924,O,-1.300
A,103,TYR,925,CB,-1.300
A,103,TYR,926,CG,-1.300
A,103,TYR,927,CD1,-1.300
A,103,TYR,928,CD2,-1.300
A,103,TYR,929,CE1,-1.300
A,103,TYR,930,CE2,-1.300
A,103,TYR,931,CZ,-1.300
A,103,TYR,932,OH,-1.300
A,104,GLN,933,N,-3.500
A,104,GLN,934,CA,-3.500
A,104,GLN,935,C,-3.500
A,104,GLN,936,O,-3.500
A,104,GLN,937,CB,-3.500
A,104,GLN,938,CG,-3.500
A,104,GLN,939,CD,-3.500
A,104,GLN,940,OE1,-3.500
A,104,GLN,941,NE2,-3.500
A,105,GLY,942,N,-0.400
A,105,GLY,943,CA,-0.400
A,105,GLY,944,C,-0.400
A,105,GLY,945,O,-0.400
A,106,SER,946,N,-0.800
A,106,SER,947,CA,-0.800
A,106,SER,948,C,-0.800
A,106,SER,949,O,-0.800
A,106,SER,950,CB,-0.800
A,106,SER,951,OG,-0.800
A,107,TYR,952,N,-1.300
A,107,TYR,953,CA,-1.300
A,107,TYR,954,C,-1.300
A,107,TYR,955,O,-1.300
A,107,TYR,956,CB,-1.300
A,107,TYR,957,CG,-1.300
A,107,TYR,958,CD1,-1.300
A,107,TYR,959,CD2,-1.300
A,107,TYR,960,CE1,-1.300
A,107,TYR,961,CE2,-1.300
A,107,TYR,962,CZ,-1.300
A,107,TYR,963,OH,-1.300
A,108,GLY,964,N,-0.400
A,108,GLY,965,CA,-0.400
A,108,GLY,966,C,-0.400
A,108,GLY,967,O,-0.400
A,109,PHE,968,N,2.800
A,109,PHE,969,CA,2.800
A,109,PHE,970,C,2.800
A,109,PHE,971,O,2.800
A,109,PHE,972,CB,2.800
A,109,PHE,973,CG,2.800
A,109,PHE,974,CD1,2.800
A,109,PHE,975,CD2,2.800
A,109,PHE,976,CE1,2.800
A,109,PHE,977,CE2,2.800
A,109,PHE,978,CZ,2.800
A,110,ARG,979,N,-4.500
A,110,ARG,980,CA,-4.500
A,110,ARG,981,C,-4.500
A,110,ARG,982,O,-4.500
A,110,ARG,983,CB,-4.500
A,110,ARG,984,CG,-4.500
A,110,ARG,985,CD,-4.500
A,110,ARG,986,NE,-4.500
A,110,ARG,987,CZ,-4.500
A,110,ARG,988,NH1,-4.500
A,110,ARG,989,NH2,-4.500
A,111,LEU,990,N,3.800
A,111,LEU,991,CA,3.800
A,111,LEU,992,C,3.800
A,111,LEU,993,O,3.800
A,111,LEU,994,CB,3.800
A,111,LEU,995,CG,3.800
A,111,LEU,996,CD1,3.800
A,111,LEU,997,CD2,3.800
A,112,GLY,998,N,-0.400
A,112,GLY,999,CA,-0.400
A,112,GLY,1000,C,-0.400
A,112,GLY,1001,O,-0.400
A,113,PHE,1002,N,2.800
A,113,PHE,1003,CA,2.800
A,113,PHE,1004,C,2.800
A,113,PHE,1005,O,2.800
A,113,PHE,1006,CB,2.800
A,113,PHE,1007,CG,2.800
A,113,PHE,1008,CD1,2.800
A,113,PHE,1009,CD2,2.800
A,113,PHE,1010,CE1,2.800
A,113,PHE,1011,CE2,2.800
A,113,PHE,1012,CZ,2.800
A,114,LEU,1013,N,3.800
A,114,LEU,1014,CA,3.800
A,114,LEU,1015,C,3.800
A,114,LEU,1016,O,3.800
A,114,LEU,1017,CB,3.800
A,114,LEU,1018,CG,3.800
A,114,LEU,1019,CD1,3.800
A,114,LEU,1020,CD2,3.800
A,115,HIS,1021,N,-3.200
A,115,HIS,1022,CA,-3.200
A,115,HIS,1023,C,-3.200
A,115,HIS,1024,O,-3.200
A,115,HIS,1025,CB,-3.200
A,115,HIS,1026,CG,-3.200
A,115,HIS,1027,ND1,-3.200
A,115,HIS,1028,CD2,-3.200
A,115,HIS,1029,CE1,-3.200
A,115,HIS,1030,NE2,-3.200
A,116,SER,1031,N,-0.800
A,116,SER,1032,CA,-0.800
A,116,SER,1033,C,-0.800
A,116,SER,1034,O,-0.800
A,116,SER,1035,CB,-0.800
A,116,SER,1036,OG,-0.800
A,117,GLY,1037,N,-0.400
A,117,GLY,1038,CA,-0.400
A,117,GLY,1039,C,-0.400
A,117,GLY,1040,O,-0.400
A,118,THR,1041,N,-0.700
A,118,THR,1042,CA,-0.700
A,118,THR,1043,C,-0.700
A,118,THR,1044,O,-0.700
A,118,THR,1045,CB,-0.700
A,118,THR,1046,OG1,-0.700
A,118,THR,1047,CG2,-0.700
A,119,ALA,1048,N,1.800
A,119,ALA,1049,CA,1.800
A,119,ALA,1050,C,1.800
A,119,ALA,1051,O,1.800
A,119,ALA,1052,CB,1.800
A,120,LYS,1053,N,-3.900
A,120,LYS,1054,CA,-3.900
A,120,LYS,1055,C,-3.900
A,120,LYS,1056,O,-3.900
A,120,LYS,1057,CB,-3.900
A,120,LYS,1058,CG,-3.900
A,120,LYS,1059,CD,-3.900
A,120,LYS,1060,CE,-3.900
A,120,LYS,1061,NZ,-3.900
A,121,SER,1062,N,-0.800
A,121,SER,1063,CA,-0.800
A,121,SER,1064,C,-0.800
A,121,SER,1065,O,-0.800
A,121,SER,1066,CB,-0.800
A,121,SER,1067,OG,-0.800
A,122,VAL,1068,N,4.200
A,122,VAL,1069,CA,4.200
A,122,VAL,1070,C,4.200
A,122,VAL,1071,O,4.200
A,122,VAL,1072,CB,4.200
A,122,VAL,1073,CG1,4.200
A,122,VAL,1074,CG2,4.200
A,123,THR,1075,N,-0.700
A,123,THR,1076,CA,-0.700
A,123,THR,1077,C,-0.700
A,123,THR,1078,O,-0.700
A,123,THR,1079,CB,-0.700
A,123,THR,1080,OG1,-0.700
A,123,THR,1081,CG2,-0.700
A,124,CYS,1082,N,2.500
A,124,CYS,1083,CA,2.500
A,124,CYS,1084,C,2.500
A,124,CYS,1085,O,2.500
A,124,CYS,1086,CB,2.500
A,124,CYS,1087,SG,2.500
A,125,THR,1088,N,-0.700
A,125,THR,1089,CA,-0.700
A,125,THR,1090,C,-0.700
A,125,THR,1091,O,-0.700
A,125,THR,1092,CB,-0.700
A,125,THR,1093,OG1,-0.700
A,125,THR,1094,CG2,-0.700
A,126,TYR,1095,N,-1.300
A,126,TYR,1096,CA,-1.300
A,126,TYR,1097,C,-1.300
A,126,TYR,1098,O,-1.300
A,126,TYR,1099,CB,-1.300
A,126,TYR,1100,CG,-1.300
A,126,TYR,1101,CD1,-1.300
A,126,TYR,1102,CD2,-1.300
A,126,TYR,1103,CE1,-1.300
A,126,TYR,1104,CE2,-1.300
A,126,TYR,1105,CZ,-1.300
A,126,TYR,1106,OH,-1.300
A,127,SER,1107,N,-0.800
A,127,SER,1108,CA,-0.800
A,127,SER,1109,C,-0.800
A,127,SER,1110,O,-0.800
A,127,SER,1111,CB,-0.800
A,127,SER,1112,OG,-0.800
A,128,PRO,1113,N,-1.600
A,128,PRO,1114,CA,-1.600
A,128,PRO,1115,C,-1.600
A,128,PRO,1116,O,-1.600
A,128,PRO,1117,CB,-1.600
A,128,PRO,1118,CG,-1.600
A,128,PRO,1119,CD,-1.600
A,129,ALA,1120,N,1.800
A,129,ALA,1121,CA,1.800
A,129,ALA,1122,C,1.800
A,129,ALA,1123,O,1.800
A,129,ALA,1124,CB,1.800
A,130,LEU,1125,N,3.800
A,130,LEU,1126,CA,3.800
A,130,LEU,1127,C,3.800
A,130,LEU,1128,O,3.800
A,130,LEU,1129,CB,3.800
A,130,LEU,1130,CG,3.800
A,130,LEU,1131,CD1,3.800
A,130,LEU,1132,CD2,3.800
A,131,ASN,1133,N,-3.500
A,131,ASN,1134,CA,-3.500
A,131,ASN,1135,C,-3.500
A,131,ASN,1136,O,-3.500
A,131,ASN,1137,CB,-3.500
A,131,ASN,1138,CG,-3.500
A,131,ASN,1139,OD1,-3.500
A,131,ASN,1140,ND2,-3.500
A,132,LYS,1141,N,-3.900
A,132,LYS,1142,CA,-3.900
A,132,LYS,1143,C,-3.900
A,132,LYS,1144,O,-3.900
A,132,LYS,1145,CB,-3.900
A,132,LYS,1146,CG,-3.900
A,132,LYS,1147,CD,-3.900
A,132,LYS,1148,CE,-3.900
A,132,LYS,1149,NZ,-3.900
A,133,MET,1150,N,1.900
A,133,MET,1151,CA,1.900
A,133,MET,1152,C,1.900
A,133,MET,1153,O,1.900
A,133,MET,1154,CB,1.900
A,133,MET,1155,CG,1.900
A,133,MET,1156,SD,1.900
A,133,MET,1157,CE,1.900
A,134,PHE,1158,N,2.800
A,134,PHE,1159,CA,2.800
A,134,PHE,1160,C,2.800
A,134,PHE,1161,O,2.800
A,134,PHE,1162,CB,2.800
A,134,PHE,1163,CG,2.800
A,134,PHE,1164,CD1,2.800
A,134,PHE,1165,CD2,2.800
A,134,PHE,1166,CE1,2.800
A,134,PHE,1167,CE2,2.800
A,134,PHE,1168,CZ,2.800
A,135,CYS,1169,N,2.500
A,135,CYS,1170,CA,2.500
A,135,CYS,1171,C,2.500
A,135,CYS,1172,O,2.500
A,135,CYS,1173,CB,2.500
A,135,CYS,1174,SG,2.500
A,136,GLN,1175,N,-3.500
A,136,GLN,1176,CA,-3.500
A,136,GLN,1177,C,-3.500
A,136,GLN,1178,O,-3.500
A,136,GLN,1179,CB,-3.500
A,136,GLN,1180,CG,-3.500
A,136,GLN,1181,CD,-3.500
A,136,GLN,1182,OE1,-3.500
A,136,GLN,1183,NE2,-3.500
A,137,LEU,1184,N,3.800
A,137,LEU,1185,CA,3.800
A,137,LEU,1186,C,3.800
A,137,LEU,1187,O,3.800
A,137,LEU,1188,CB,3.800
A,137,LEU,1189,CG,3.800
A,137,LEU,1190,CD1,3.800
A,137,LEU,1191,CD2,3.800
A,138,ALA,1192,N,1.800
A,138,ALA,1193,CA,1.800
A,138,ALA,1194,C,1.800
A,138,ALA,1195,O,1.800
A,138,ALA,1196,CB,1.800
A,139,LYS,1197,N,-3.900
A,139,LYS,1198,CA,-3.900
A,139,LYS,1199,C,-3.900
A,139,LYS,1200,O,-3.900
A,139,LYS,1201,CB,-3.900
A,139,LYS,1202,CG,-3.900
A,139,LYS,1203,CD,-3.900
A,139,LYS,1204,CE,-3.900
A,139,LYS,1205,NZ,-3.900
A,140,THR,1206,N,-0.700
A,140,THR,1207,CA,-0.700
A,140,THR,1208,C,-0.700
A,140,THR,1209,O,-0.700
A,140,THR,1210,CB,-0.700
A,140,THR,1211,OG1,-0.700
A,140,THR,1212,CG2,-0.700
A,141,CYS,1213,N,2.500
A,141,CYS,1214,CA,2.500
A,141,CYS,1215,C,2.500
A,141,CYS,1216,O,2.500
A,141,CYS,1217,CB,2.500
A,141,CYS,1218,SG,2.500
A,142,PRO,1219,N,-1.600
A,142,PRO,1220,CA,-1.600
A,142,PRO,1221,C,-1.600
A,142,PRO,1222,O,-1.600
A,142,PRO,1223,CB,-1.600
A,142,PRO,1224,CG,-1.600
A,142,PRO,1225,CD,-1.600
A,143,VAL,1226,N,4.200
A,143,VAL,1227,CA,4.200
A,143,VAL,1228,C,4.200
A,143,VAL,1229,O,4.200
A,143,VAL,1230,CB,4.200
A,143,VAL,1231,CG1,4.200
A,143,VAL,1232,CG2,4.200
A,144,GLN,1233,N,-3.500
A,144,GLN,1234,CA,-3.500
A,144,GLN,1235,C,-3.500
A,144,GLN,1236,O,-3.500
A,144,GLN,1237,CB,-3.500
A,144,GLN,1238,CG,-3.500
A,144,GLN,1239,CD,-3.500
A,144,GLN,1240,OE1,-3.500
A,144,GLN,1241,NE2,-3.500
A,145,LEU,1242,N,3.800
A,145,LEU,1243,CA,3.800
A,145,LEU,1244,C,3.800
A,145,LEU,1245,O,3.800
A,145,LEU,1246,CB,3.800
A,145,LEU,1247,CG,3.800
A,145,LEU,1248,CD1,3.800
A,145,LEU,1249,CD2,3.800
A,146,TRP,1250,N,-0.900
A,146,TRP,1251,CA,-0.900
A,146,TRP,1252,C,-0.900
A,146,TRP,1253,O,-0.900
A,146,TRP,1254,CB,-0.900
A,146,TRP,1255,CG,-0.900
A,146,TRP,1256,CD1,-0.900
A,146,TRP,1257,CD2,-0.900
A,146,TRP,1258,NE1,-0.900
A,146,TRP,1259,CE2,-0.900
A,146,TRP,1260,CE3,-0.900
A,146,TRP,1261,CZ2,-0.900
A,146,TRP,1262,CZ3,-0.900
A,146,TRP,1263,CH2,-0.900
A,147,VAL,1264,N,4.200
A,147,VAL,1265,CA,4.200
A,147,VAL,1266,C,4.200
A,147,VAL,1267,O,4.200
A,147,VAL,1268,CB,4.200
A,147,VAL,1269,CG1,4.200
A,147,VAL,1270,CG2,4.200
A,148,ASP,1271,N,-3.500
A,148,ASP,1272,CA,-3.500
A,148,ASP,1273,C,-3.500
A,148,ASP,1274,O,-3.500
A,148,ASP,1275,CB,-3.500
A,148,ASP,1276,CG,-3.500
A,148,ASP,1277,OD1,-3.500
A,148,ASP,1278,OD2,-3.500
A,149,SER,1279,N,-0.800
A,149,SER,1280,CA,-0.800
A,149,SER,1281,C,-0.800
A,149,SER,1282,O,-0.800
A,149,SER,1283,CB,-0.800
A,149,SER,1284,OG,-0.800
A,150,THR,1285,N,-0.700
A,150,THR,1286,CA,-0.700
A,150,THR,1287,C,-0.700
A,150,THR,1288,O,-0.700
A,150,THR,1289,CB,-0.700
A,150,THR,1290,OG1,-0.700
A,150,THR,1291,CG2,-0.700
A,151,PRO,1292,N,-1.600
A,151,PRO,1293,CA,-1.600
A,151,PRO,1294,C,-1.600
A,151,PRO,1295,O,-1.600
A,151,PRO,1296,CB,-1.600
A,151,PRO,1297,CG,-1.600
A,151,PRO,1298,CD,-1.600
A,152,PRO,1299,N,-1.600
A,152,PRO,1300,CA,-1.600
A,152,PRO,1301,C,-1.600
A,152,PRO,1302,O,-1.600
A,152,PRO,1303,CB,-1.600
A,152,PRO,1304,CG,-1.600
A,152,PRO,1305,CD,-1.600
A,153,PRO,1306,N,-1.600
A,153,PRO,1307,CA,-1.600
A,153,PRO,1308,C,-1.600
A,153,PRO,1309,O,-1.600
A,153,PRO,1310,CB,-1.600
A,153,PRO,1311,CG,-1.600
A,153,PRO,1312,CD,-1.600
A,154,GLY,1313,N,-0.400
A,154,GLY,1314,CA,-0.400
A,154,GLY,1315,C,-0.400
A,154,GLY,1316,O,-0.400
A,155,THR,1317,N,-0.700
A,155,THR,1318,CA,-0.700
A,155,THR,1319,C,-0.700
A,155,THR,1320,O,-0.700
A,155,THR,1321,CB,-0.700
A,155,THR,1322,OG1,-0.700
A,155,THR,1323,CG2,-0.700
A,156,ARG,1324,N,-4.500
A,156,ARG,1325,CA,-4.500
A,156,ARG,1326,C,-4.500
A,156,ARG,1327,O,-4.500
A,156,ARG,1328,CB,-4.500
A,156,ARG,1329,CG,-4.500
A,156,ARG,1330,CD,-4.500
A,156,ARG,1331,NE,-4.500
A,156,ARG,1332,CZ,-4.500
A,156,ARG,1333,NH1,-4.500
A,156,ARG,1334,NH2,-4.500
A,157,VAL,1335,N,4.200
A,157,VAL,1336,CA,4.200
A,157,VAL,1337,C,4.200
A,157,VAL,1338,O,4.200
A,157,VAL,1339,CB,4.200
A,157,VAL,1340,CG1,4.200
A,157,VAL,1341,CG2,4.200
A,158,ARG,1342,N,-4.500
A,158,ARG,1343,CA,-4.500
A,158,ARG,1344,C,-4.500
A,158,ARG,1345,O,-4.500
A,158,ARG,1346,CB,-4.500
A,158,ARG,1347,CG,-4.500
A,158,ARG,1348,CD,-4.500
A,158,ARG,1349,NE,-4.500
A,158,ARG,1350,CZ,-4.500
A,158,ARG,1351,NH1,-4.500
A,158,ARG,1352,NH2,-4.500
A,159,ALA,1353,N,1.800
A,159,ALA,1354,CA,1.800
A,159,ALA,1355,C,1.800
A,159,ALA,1356,O,1.800
A,159,ALA,1357,CB,1.800
A,160,MET,1358,N,1.900
A,160,MET,1359,CA,1.900
A,160,MET,1360,C,1.900
A,160,MET,1361,O,1.900
A,160,MET,1362,CB,1.900
A,160,MET,1363,CG,1.900
A,160,MET,1364,SD,1.900
A,160,MET,1365,CE,1.900
A,161,ALA,1366,N,1.800
A,161,ALA,1367,CA,1.800
A,161,ALA,1368,C,1.800
A,161,ALA,1369,O,1.800
A,161,ALA,1370,CB,1.800
A,162,ILE,1371,N,4.500
A,162,ILE,1372,CA,4.500
A,162,ILE,1373,C,4.500
A,162,ILE,1374,O,4.500
A,162,ILE,1375,CB,4.500
A,162,ILE,1376,CG1,4.500
A,162,ILE,1377,CG2,4.500
A,162,ILE,1378,CD1,4.500
A,163,TYR,1379,N,-1.300
A,163,TYR,1380,CA,-1.300
A,163,TYR,1381,C,-1.300
A,163,TYR,1382,O,-1.300
A,163,TYR,1383,CB,-1.300
A,163,TYR,1384,CG,-1.300
A,163,TYR,1385,CD1,-1.300
A,163,TYR,1386,CD2,-1.300
A,163,TYR,1387,CE1,-1.300
A,163,TYR,1388,CE2,-1.300
A,163,TYR,1389,CZ,-1.300
A,163,TYR,1390,OH,-1.300
A,164,LYS,1391,N,-3.900
A,164,LYS,1392,CA,-3.900
A,164,LYS,1393,C,-3.900
A,164,LYS,1394,O,-3.900
A,164,LYS,1395,CB,-3.900
A,164,LYS,1396,CG,-3.900
A,164,LYS,1397,CD,-3.900
A,164,LYS,1398,CE,-3.900
A,164,LYS,1399,NZ,-3.900
A,165,GLN,1400,N,-3.500
A,165,GLN,1401,CA,-3.500
A,165,GLN,1402,C,-3.500
A,165,GLN,1403,O,-3.500
A,165,GLN,1404,CB,-3.500
A,165,GLN,1405,CG,-3.500
A,165,GLN,1406,CD,-3.500
A,165,GLN,1407,OE1,-3.500
A,165,GLN,1408,NE2,-3.500
A,166,SER,1409,N,-0.800
A,166,SER,1410,CA,-0.800
A,166,SER,1411,C,-0.800
A,166,SER,1412,O,-0.800
A,166,SER,1413,CB,-0.800
A,166,SER,1414,OG,-0.800
A,167,GLN,1415,N,-3.500
A,167,GLN,1416,CA,-3.500
A,167,GLN,1417,C,-3.500
A,167,GLN,1418,O,-3.500
A,167,GLN,1419,CB,-3.500
A,167,GLN,1420,CG,-3.500
A,167,GLN,1421,CD,-3.500
A,167,GLN,1422,OE1,-3.500
A,167,GLN,1423,NE2,-3.500
A,168,HIS,1424,N,-3.200
A,168,HIS,1425,CA,-3.200
A,168,HIS,1426,C,-3.200
A,168,HIS,1427,O,-3.200
A,168,HIS,1428,CB,-3.200
A,168,HIS,1429,CG,-3.200
A,168,HIS,1430,ND1,-3.200
A,168,HIS,1431,CD2,-3.200
A,168,HIS,1432,CE1,-3.200
A,168,HIS,1433,NE2,-3.200
A,169,MET,1434,N,1.900
A,169,MET,1435,CA,1.900
A,169,MET,1436,C,1.900
A,169,MET,1437,O,1.900
A,169,MET,1438,CB,1.900
A,169,MET,1439,CG,1.900
A,169,MET,1440,SD,1.900
A,169,MET,1441,CE,1.900
A,170,THR,1442,N,-0.700
A,170,THR,1443,CA,-0.700
A,170,THR,1444,C,-0.700
A,170,THR,1445,O,-0.700
A,170,THR,1446,CB,-0.700
A,170,THR,1447,OG1,-0.700
A,170,THR,1448,CG2,-0.700
A,171,GLU,1449,N,-3.500
A,171,GLU,1450,CA,-3.500
A,171,GLU,1451,C,-3.500
A,171,GLU,1452,O,-3.500
A,171,GLU,1453,CB,-3.500
A,171,GLU,1454,CG,-3.500
A,171,GLU,1455,CD,-3.500
A,171,GLU,1456,OE1,-3.500
A,171,GLU,1457,OE2,-3.500
A,172,VAL,1458,N,4.200
A,172,VAL,1459,CA,4.200
A,172,VAL,1460,C,4.200
A,172,VAL,1461,O,4.200
A,172,VAL,1462,CB,4.200
A,172,VAL,1463,CG1,4.200
A,172,VAL,1464,CG2,4.200
A,173,VAL,1465,N,4.200
A,173,VAL,1466,CA,4.200
A,173,VAL,1467,C,4.200
A,173,VAL,1468,O,4.200
A,173,VAL,1469,CB,4.200
A,173,VAL,1470,CG1,4.200
A,173,VAL,1471,CG2,4.200
A,174,ARG,1472,N,-4.500
A,174,ARG,1473,CA,-4.500
A,174,ARG,1474,C,-4.500
A,174,ARG,1475,O,-4.500
A,174,ARG,1476,CB,-4.500
A,174,ARG,1477,CG,-4.500
A,174,ARG,1478,CD,-4.500
A,174,ARG,1479,NE,-4.500
A,174,ARG,1480,CZ,-4.500
A,174,ARG,1481,NH1,-4.500
A,174,ARG,1482,NH2,-4.500
A,175,ARG,1483,N,-4.500
A,175,ARG,1484,CA,-4.500
A,175,ARG,1485,C,-4.500
A,175,ARG,1486,O,-4.500
A,175,ARG,1487,CB,-4.500
A,175,ARG,1488,CG,-4.500
A,175,ARG,1489,CD,-4.500
A,175,ARG,1490,NE,-4.500
A,175,ARG,1491,CZ,-4.500
A,175,ARG,1492,NH1,-4.500
A,175,ARG,1493,NH2,-4.500
A,176,CYS,1494,N,2.500
A,176,CYS,1495,CA,2.500
A,176,CYS,1496,C,2.500
A,176,CYS,1497,O,2.500
A,176,CYS,1498,CB,2.500
A,176,CYS,1499,SG,2.500
A,177,PRO,1500,N,-1.600
A,177,PRO,1501,CA,-1.600
A,177,PRO,1502,C,-1.600
A,177,PRO,1503,O,-1.600
A,177,PRO,1504,CB,-1.600
A,177,PRO,1505,CG,-1.600
A,177,PRO,1506,CD,-1.600
A,178,HIS,1507,N,-3.200
A,178,HIS,1508,CA,-3.200
A,178,HIS,1509,C,-3.200
A,178,HIS,1510,O,-3.200
A,178,HIS,1511,CB,-3.200
A,178,HIS,1512,CG,-3.200
A,178,HIS,1513,ND1,-3.200
A,178,HIS,1514,CD2,-3.200
A,178,HIS,1515,CE1,-3.200
A,178,HIS,1516,NE2,-3.200
A,179,HIS,1517,N,-3.200
A,179,HIS,1518,CA,-3.200
A,179,HIS,1519,C,-3.200
A,179,HIS,1520,O,-3.200
A,179,HIS,1521,CB,-3.200
A,179,HIS,1522,CG,-3.200
A,179,HIS,1523,ND1,-3.200
A,179,HIS,1524,CD2,-3.200
A,179,HIS,1525,CE1,-3.200
A,179,HIS,1526,NE2,-3.200
A,180,GLU,1527,N,-3.500
A,180,GLU,1528,CA,-3.500
A,180,GLU,1529,C,-3.500
A,180,GLU,1530,O,-3.500
A,180,GLU,1531,CB,-3.500
A,180,GLU,1532,CG,-3.500
A,180,GLU,1533,CD,-3.500
A,180,GLU,1534,OE1,-3.500
A,180,GLU,1535,OE2,-3.500
A,181,ARG,1536,N,-4.500
A,181,ARG,1537,CA,-4.500
A,181,ARG,1538,C,-4.500
A,181,ARG,1539,O,-4.500
A,181,ARG,1540,CB,-4.500
A,181,ARG,1541,CG,-4.500
A,181,ARG,1542,CD,-4.500
A,181,ARG,1543,NE,-4.500
A,181,ARG,1544,CZ,-4.500
A,181,ARG,1545,NH1,-4.500
A,181,ARG,1546,NH2,-4.500
A,182,CYS,1547,N,2.500
A,182,CYS,1548,CA,2.500
A,182,CYS,1549,C,2.500
A,182,CYS,1550,O,2.500
A,182,CYS,1551,CB,2.500
A,182,CYS,1552,SG,2.500
A,183,SER,1553,N,-0.800
A,183,SER,1554,CA,-0.800
A,183,SER,1555,C,-0.800
A,183,SER,1556,O,-0.800
A,183,SER,1557,CB,-0.800
A,183,SER,1558,OG,-0.800
A,184,ASP,1559,N,-3.500
A,184,ASP,1560,CA,-3.500
A,184,ASP,1561,C,-3.500
A,184,ASP,1562,O,-3.500
A,184,ASP,1563,CB,-3.500
A,184,ASP,1564,CG,-3.500
A,184,ASP,1565,OD1,-3.500
A,184,ASP,1566,OD2,-3.500
A,185,SER,1567,N,-0.800
A,185,SER,1568,CA,-0.800
A,185,SER,1569,C,-0.800
A,185,SER,1570,O,-0.800
A,185,SER,1571,CB,-0.800
A,185,SER,1572,OG,-0.800
A,186,ASP,1573,N,-3.500
A,186,ASP,1574,CA,-3.500
A,186,ASP,1575,C,-3.500
A,186,ASP,1576,O,-3.500
A,186,ASP,1577,CB,-3.500
A,186,ASP,1578,CG,-3.500
A,186,ASP,1579,OD1,-3.500
A,186,ASP,1580,OD2,-3.500
A,187,GLY,1581,N,-0.400
A,187,GLY,1582,CA,-0.400
A,187,GLY,1583,C,-0.400
A,187,GLY,1584,O,-0.400
A,188,LEU,1585,N,3.800
A,188,LEU,1586,CA,3.800
A,188,LEU,1587,C,3.800
A,188,LEU,1588,O,3.800
A,188,LEU,1589,CB,3.800
A,188,LEU,1590,CG,3.800
A,188,LEU,1591,CD1,3.800
A,188,LEU,1592,CD2,3.800
A,189,ALA,1593,N,1.800
A,189,ALA,1594,CA,1.800
A,189,ALA,1595,C,1.800
A,189,ALA,1596,O,1.800
A,189,ALA,1597,CB,1.800
A,190,PRO,1598,N,-1.600
A,190,PRO,1599,CA,-1.600
A,190,PRO,1600,C,-1.600
A,190,PRO,1601,O,-1.600
A,190,PRO,1602,CB,-1.600
A,190,PRO,1603,CG,-1.600
A,190,PRO,1604,CD,-1.600
A,191,PRO,1605,N,-1.600
A,191,PRO,1606,CA,-1.600
A,191,PRO,1607,C,-1.600
A,191,PRO,1608,O,-1.600
A,191,PRO,1609,CB,-1.600
A,191,PRO,1610,CG,-1.600
A,191,PRO,1611,CD,-1.600
A,192,GLN,1612,N,-3.500
A,192,GLN,1613,CA,-3.500
A,192,GLN,1614,C,-3.500
A,192,GLN,1615,O,-3.500
A,192,GLN,1616,CB,-3.500
A,192,GLN,1617,CG,-3.500
A,192,GLN,1618,CD,-3.500
A,192,GLN,1619,OE1,-3.500
A,192,GLN,1620,NE2,-3.500
A,193,HIS,1621,N,-3.200
A,193,HIS,1622,CA,-3.200
A,193,HIS,1623,C,-3.200
A,193,HIS,1624,O,-3.200
A,193,HIS,1625,CB,-3.200
A,193,HIS,1626,CG,-3.200
A,193,HIS,1627,ND1,-3.200
A,193,HIS,1628,CD2,-3.200
A,193,HIS,1629,CE1,-3.200
A,193,HIS,1630,NE2,-3.200
A,194,LEU,1631,N,3.800
A,194,LEU,1632,CA,3.800
A,194,LEU,1633,C,3.800
A,194,LEU,1634,O,3.800
A,194,LEU,1635,CB,3.800
A,194,LEU,1636,CG,3.800
A,194,LEU,1637,CD1,3.800
A,194,LEU,1638,CD2,3.800
A,195,ILE,1639,N,4.500
A,195,ILE,1640,CA,4.500
A,195,ILE,1641,C,4.500
A,195,ILE,1642,O,4.500
A,195,ILE,1643,CB,4.500
A,195,ILE,1644,CG1,4.500
A,195,ILE,1645,CG2,4.500
A,195,ILE,1646,CD1,4.500
A,196,ARG,1647,N,-4.500
A,196,ARG,1648,CA,-4.500
A,196,ARG,1649,C,-4.500
A,196,ARG,1650,O,-4.500
A,196,ARG,1651,CB,-4.500
A,196,ARG,1652,CG,-4.500
A,196,ARG,1653,CD,-4.500
A,196,ARG,1654,NE,-4.500
A,196,ARG,1655,CZ,-4.500
A,196,ARG,1656,NH1,-4.500
A,196,ARG,1657,NH2,-4.500
A,197,VAL,1658,N,4.200
A,197,VAL,1659,CA,4.200
A,197,VAL,1660,C,4.200
A,197,VAL,1661,O,4.200
A,197,VAL,1662,CB,4.200
A,197,VAL,1663,CG1,4.200
A,197,VAL,1664,CG2,4.200
A,198,GLU,1665,N,-3.500
A,198,GLU,1666,CA,-3.500
A,198,GLU,1667,C,-3.500
A,198,GLU,1668,O,-3.500
A,198,GLU,1669,CB,-3.500
A,198,GLU,1670,CG,-3.500
A,198,GLU,1671,CD,-3.500
A,198,GLU,1672,OE1,-3.500
A,198,GLU,1673,OE2,-3.500
A,199,GLY,1674,N,-0.400
A,199,GLY,1675,CA,-0.400
A,199,GLY,1676,C,-0.400
A,199,GLY,1677,O,-0.400
A,200,ASN,1678,N,-3.500
A,200,ASN,1679,CA,-3.500
A,200,ASN,1680,C,-3.500
A,200,ASN,1681,O,-3.500
A,200,ASN,1682,CB,-3.500
A,200,ASN,1683,CG,-3.500
A,200,ASN,1684,OD1,-3.500
A,200,ASN,1685,ND2,-3.500
A,201,LEU,1686,N,3.800
A,201,LEU,1687,CA,3.800
A,201,LEU,1688,C,3.800
A,201,LEU,1689,O,3.800
A,201,LEU,1690,CB,3.800
A,201,LEU,1691,CG,3.800
A,201,LEU,1692,CD1,3.800
A,201,LEU,1693,CD2,3.800
A,202,ARG,1694,N,-4.500
A,202,ARG,1695,CA,-4.500
A,202,ARG,1696,C,-4.500
A,202,ARG,1697,O,-4.500
A,202,ARG,1698,CB,-4.500
A,202,ARG,1699,CG,-4.500
A,202,ARG,1700,CD,-4.500
A,202,ARG,1701,NE,-4.500
A,202,ARG,1702,CZ,-4.500
A,202,ARG,1703,NH1,-4.500
A,202,ARG,1704,NH2,-4.500
A,203,VAL,1705,N,4.200
A,203,VAL,1706,CA,4.200
A,203,VAL,1707,C,4.200
A,203,VAL,1708,O,4.200
A,203,VAL,1709,CB,4.200
A,203,VAL,1710,CG1,4.200
A,203,VAL,1711,CG2,4.200
A,204,GLU,1712,N,-3.500
A,204,GLU,1713,CA,-3.500
A,204,GLU,1714,C,-3.500
A,204,GLU,1715,O,-3.500
A,204,GLU,1716,CB,-3.500
A,204,GLU,1717,CG,-3.500
A,204,GLU,1718,CD,-3.500
A,204,GLU,1719,OE1,-3.500
A,204,GLU,1720,OE2,-3.500
A,205,TYR,1721,N,-1.300
A,205,TYR,1722,CA,-1.300
A,205,TYR,1723,C,-1.300
A,205,TYR,1724,O,-1.300
A,205,TYR,1725,CB,-1.300
A,205,TYR,1726,CG,-1.300
A,205,TYR,1727,CD1,-1.300
A,205,TYR,1728,CD2,-1.300
A,205,TYR,1729,CE1,-1.300
A,205,TYR,1730,CE2,-1.300
A,205,TYR,1731,CZ,-1.300
A,205,TYR,1732,OH,-1.300
A,206,LEU,1733,N,3.800
A,206,LEU,1734,CA,3.800
A,206,LEU,1735,C,3.800
A,206,LEU,1736,O,3.800
A,206,LEU,1737,CB,3.800
A,206,LEU,1738,CG,3.800
A,206,LEU,1739,CD1,3.800
A,206,LEU,1740,CD2,3.800
A,207,ASP,1741,N,-3.500
A,207,ASP,1742,CA,-3.500
A,207,ASP,1743,C,-3.500
A,207,ASP,1744,O,-3.500
A,207,ASP,1745,CB,-3.500
A,207,ASP,1746,CG,-3.500
A,207,ASP,1747,OD1,-3.500
A,207,ASP,1748,OD2,-3.500
A,208,ASP,1749,N,-3.500
A,208,ASP,1750,CA,-3.500
A,208,ASP,1751,C,-3.500
A,208,ASP,1752,O,-3.500
A,208,ASP,1753,CB,-3.500
A,208,ASP,1754,CG,-3.500
A,208,ASP,1755,OD1,-3.500
A,208,ASP,1756,OD2,-3.500
A,209,ARG,1757,N,-4.500
A,209,ARG,1758,CA,-4.500
A,209,ARG,1759,C,-4.500
A,209,ARG,1760,O,-4.500
A,209,ARG,1761,CB,-4.500
A,209,ARG,1762,CG,-4.500
A,209,ARG,1763,CD,-4.500
A,209,ARG,1764,NE,-4.500
A,209,ARG,1765,CZ,-4.500
A,209,ARG,1766,NH1,-4.500
A,209,ARG,1767,NH2,-4.500
A,210,ASN,1768,N,-3.500
A,210,ASN,1769,CA,-3.500
A,210,ASN,1770,C,-3.500
A,210,ASN,1771,O,-3.500
A,210,ASN,1772,CB,-3.500
A,210,ASN,1773,CG,-3.500
A,210,ASN,1774,OD1,-3.500
A,210,ASN,1775,ND2,-3.500
A,211,THR,1776,N,-0.700
A,211,THR,1777,CA,-0.700
A,211,THR,1778,C,-0.700
A,211,THR,1779,O,-0.700
A,211,THR,1780,CB,-0.700
A,211,THR,1781,OG1,-0.700
A,211,THR,1782,CG2,-0.700
A,212,PHE,1783,N,2.800
A,212,PHE,1784,CA,2.800
A,212,PHE,1785,C,2.800
A,212,PHE,1786,O,2.800
A,212,PHE,1787,CB,2.800
A,212,PHE,1788,CG,2.800
A,212,PHE,1789,CD1,2.800
A,212,PHE,1790,CD2,2.800
A,212,PHE,1791,CE1,2.800
A,212,PHE,1792,CE2,2.800
A,212,PHE,1793,CZ,2.800
A,213,ARG,1794,N,-4.500
A,213,ARG,1795,CA,-4.500
A,213,ARG,1796,C,-4.500
A,213,ARG,1797,O,-4.500
A,213,ARG,1798,CB,-4.500
A,213,ARG,1799,CG,-4.500
A,213,ARG,1800,CD,-4.500
A,213,ARG,1801,NE,-4.500
A,213,ARG,1802,CZ,-4.500
A,213,ARG,1803,NH1,-4.500
A,213,ARG,1804,NH2,-4.500
A,214,HIS,1805,N,-3.200
A,214,HIS,1806,CA,-3.200
A,214,HIS,1807,C,-3.200
A,214,HIS,1808,O,-3.200
A,214,HIS,1809,CB,-3.200
A,214,HIS,1810,CG,-3.200
A,214,HIS,1811,ND1,-3.200
A,214,HIS,1812,CD2,-3.200
A,214,HIS,1813,CE1,-3.200
A,214,HIS,1814,NE2,-3.200
A,215,SER,1815,N,-0.800
A,215,SER,1816,CA,-0.800
A,215,SER,1817,C,-0.800
A,215,SER,1818,O,-0.800
A,215,SER,1819,CB,-0.800
A,215,SER,1820,OG,-0.800
A,216,VAL,1821,N,4.200
A,216,VAL,1822,CA,4.200
A,216,VAL,1823,C,4.200
A,216,VAL,1824,O,4.200
A,216,VAL,1825,CB,4.200
A,216,VAL,1826,CG1,4.200
A,216,VAL,1827,CG2,4.200
A,217,VAL,1828,N,4.200
A,217,VAL,1829,CA,4.200
A,217,VAL,1830,C,4.200
A,217,VAL,1831,O,4.200
A,217,VAL,1832,CB,4.200
A,217,VAL,1833,CG1,4.200
A,217,VAL,1834,CG2,4.200
A,218,VAL,1835,N,4.200
A,218,VAL,1836,CA,4.200
A,218,VAL,1837,C,4.200
A,218,VAL,1838,O,4.200
A,218,VAL,1839,CB,4.200
A,218,VAL,1840,CG1,4.200
A,218,VAL,1841,CG2,4.200
A,219,PRO,1842,N,-1.600
A,219,PRO,1843,CA,-1.600
A,219,PRO,1844,C,-1.600
A,219,PRO,1845,O,-1.600
A,219,PRO,1846,CB,-1.600
A,219,PRO,1847,CG,-1.600
A,219,PRO,1848,CD,-1.600
A,220,TYR,1849,N,-1.300
A,220,TYR,1850,CA,-1.300
A,220,TYR,1851,C,-1.300
A,220,TYR,1852,O,-1.300
A,220,TYR,1853,CB,-1.300
A,220,TYR,1854,CG,-1.300
A,220,TYR,1855,CD1,-1.300
A,220,TYR,1856,CD2,-1.300
A,220,TYR,1857,CE1,-1.300
A,220,TYR,1858,CE2,-1.300
A,220,TYR,1859,CZ,-1.300
A,220,TYR,1860,OH,-1.300
A,221,GLU,1861,N,-3.500
A,221,GLU,1862,CA,-3.500
A,221,GLU,1863,C,-3.500
A,221,GLU,1864,O,-3.500
A,221,GLU,1865,CB,-3.500
A,221,GLU,1866,CG,-3.500
A,221,GLU,1867,CD,-3.500
A,221,GLU,1868,OE1,-3.500
A,221,GLU,1869,OE2,-3.500
A,222,PRO,1870,N,-1.600
A,222,PRO,1871,CA,-1.600
A,222,PRO,1872,C,-1.600
A,222,PRO,1873,O,-1.600
A,222,PRO,1874,CB,-1.600
A,222,PRO,1875,CG,-1.600
A,222,PRO,1876,CD,-1.600
A,223,PRO,1877,N,-1.600
A,223,PRO,1878,CA,-1.600
A,223,PRO,1879,C,-1.600
A,223,PRO,1880,O,-1.600
A,223,PRO,1881,CB,-1.600
A,223,PRO,1882,CG,-1.600
A,223,PRO,1883,CD,-1.600
A,224,GLU,1884,N,-3.500
A,224,GLU,1885,CA,-3.500
A,224,GLU,1886,C,-3.500
A,224,GLU,1887,O,-3.500
A,224,GLU,1888,CB,-3.500
A,224,GLU,1889,CG,-3.500
A,224,GLU,1890,CD,-3.500
A,224,GLU,1891,OE1,-3.500
A,224,GLU,1892,OE2,-3.500
A,225,VAL,1893,N,4.200
A,225,VAL,1894,CA,4.200
A,225,VAL,1895,C,4.200
A,225,VAL,1896,O,4.200
A,225,VAL,1897,CB,4.200
A,225,VAL,1898,CG1,4.200
A,225,VAL,1899,CG2,4.200
A,226,GLY,1900,N,-0.400
A,226,GLY,1901,CA,-0.400
A,226,GLY,1902,C,-0.400
A,226,GLY,1903,O,-0.400
A,227,SER,1904,N,-0.800
A,227,SER,1905,CA,-0.800
A,227,SER,1906,C,-0.800
A,227,SER,1907,O,-0.800
A,227,SER,1908,CB,-0.800
A,227,SER,1909,OG,-0.800
A,228,ASP,1910,N,-3.500
A,228,ASP,1911,CA,-3.500
A,228,ASP,1912,C,-3.500
A,228,ASP,1913,O,-3.500
A,228,ASP,1914,CB,-3.500
A,228,ASP,1915,CG,-3.500
A,228,ASP,1916,OD1,-3.500
A,228,ASP,1917,OD2,-3.500
A,229,CYS,1918,N,2.500
A,229,CYS,1919,CA,2.500
A,229,CYS,1920,C,2.500
A,229,CYS,1921,O,2.500
A,229,CYS,1922,CB,2.500
A,229,CYS,1923,SG,2.500
A,230,THR,1924,N,-0.700
A,230,THR,1925,CA,-0.700
A,230,THR,1926,C,-0.700
A,230,THR,1927,O,-0.700
A,230,THR,1928,CB,-0.700
A,230,THR,1929,OG1,-0.700
A,230,THR,1930,CG2,-0.700
A,231,THR,1931,N,-0.700
A,231,THR,1932,CA,-0.700
A,231,THR,1933,C,-0.700
A,231,THR,1934,O,-0.700
A,231,THR,1935,CB,-0.700
A,231,THR,1936,OG1,-0.700
A,231,THR,1937,CG2,-0.700
A,232,ILE,1938,N,4.500
A,232,ILE,1939,CA,4.500
A,232,ILE,1940,C,4.500
A,232,ILE,1941,O,4.500
A,232,ILE,1942,CB,4.500
A,232,ILE,1943,CG1,4.500
A,232,ILE,1944,CG2,4.500
A,232,ILE,1945,CD1,4.500
A,233,HIS,1946,N,-3.200
A,233,HIS,1947,CA,-3.200
A,233,HIS,1948,C,-3.200
A,233,HIS,1949,O,-3.200
A,233,HIS,1950,CB,-3.200
A,233,HIS,1951,CG,-3.200
A,233,HIS,1952,ND1,-3.200
A,233,HIS,1953,CD2,-3.200
A,233,HIS,1954,CE1,-3.200
A,233,HIS,1955,NE2,-3.200
A,234,TYR,1956,N,-1.300
A,234,TYR,1957,CA,-1.300
A,234,TYR,1958,C,-1.300
A,234,TYR,1959,O,-1.300
A,234,TYR,1960,CB,-1.300
A,234,TYR,1961,CG,-1.300
A,234,TYR,1962,CD1,-1.300
A,234,TYR,1963,CD2,-1.300
A,234,TYR,1964,CE1,-1.300
A,234,TYR,1965,CE2,-1.300
A,234,TYR,1966,CZ,-1.300
A,234,TYR,1967,OH,-1.300
A,235,ASN,1968,N,-3.500
A,235,ASN,1969,CA,-3.500
A,235,ASN,1970,C,-3.500
A,235,ASN,1971,O,-3.500
A,235,ASN,1972,CB,-3.500
A,235,ASN,1973,CG,-3.500
A,235,ASN,1974,OD1,-3.500
A,235,ASN,1975,ND2,-3.500
A,236,TYR,1976,N,-1.300
A,236,TYR,1977,CA,-1.300
A,236,TYR,1978,C,-1.300
A,236,TYR,1979,O,-1.300
A,236,TYR,1980,CB,-1.300
A,236,TYR,1981,CG,-1.300
A,236,TYR,1982,CD1,-1.300
A,236,TYR,1983,CD2,-1.300
A,236,TYR,1984,CE1,-1.300
A,236,TYR,1985,CE2,-1.300
A,236,TYR,1986,CZ,-1.300
A,236,TYR,1987,OH,-1.300
A,237,MET,1988,N,1.900
A,237,MET,1989,CA,1.900
A,237,MET,1990,C,1.900
A,237,MET,1991,O,1.900
A,237,MET,1992,CB,1.900
A,237,MET,1993,CG,1.900
A,237,MET,1994,SD,1.900
A,237,MET,1995,CE,1.900
A,238,CYS,1996,N,2.500
A,238,CYS,1997,CA,2.500
A,238,CYS,1998,C,2.500
A,238,CYS,1999,O,2.500
A,238,CYS,2000,CB,2.500
A,238,CYS,2001,SG,2.500
A,239,ASN,2002,N,-3.500
A,239,ASN,2003,CA,-3.500
A,239,ASN,2004,C,-3.500
A,239,ASN,2005,O,-3.500
A,239,ASN,2006,CB,-3.500
A,239,ASN,2007,CG,-3.500
A,239,ASN,2008,OD1,-3.500
A,239,ASN,2009,ND2,-3.500
A,240,SER,2010,N,-0.800
A,240,SER,2011,CA,-0.800
A,240,SER,2012,C,-0.800
A,240,SER,2013,O,-0.800
A,240,SER,2014,CB,-0.800
A,240,SER,2015,OG,-0.800
A,241,SER,2016,N,-0.800
A,241,SER,2017,CA,-0.800
A,241,SER,2018,C,-0.800
A,241,SER,2019,O,-0.800
A,241,SER,2020,CB,-0.800
A,241,SER,2021,OG,-0.800
A,242,CYS,2022,N,2.500
A,242,CYS,2023,CA,2.500
A,242,CYS,2024,C,2.500
A,242,CYS,2025,O,2.500
A,242,CYS,2026,CB,2.500
A,242,CYS,2027,SG,2.500
A,243,MET,2028,N,1.900
A,243,MET,2029,CA,1.900
A,243,MET,2030,C,1.900
A,243,MET,2031,O,1.900
A,243,MET,2032,CB,1.900
A,243,MET,2033,CG,1.900
A,243,MET,2034,SD,1.900
A,243,MET,2035,CE,1.900
A,244,GLY,2036,N,-0.400
A,244,GLY,2037,CA,-0.400
A,244,GLY,2038,C,-0.400
A,244,GLY,2039,O,-0.400
A,245,GLY,2040,N,-0.400
A,245,GLY,2041,CA,-0.400
A,245,GLY,2042,C,-0.400
A,245,GLY,2043,O,-0.400
A,246,MET,2044,N,1.900
A,246,MET,2045,CA,1.900
A,246,MET,2046,C,1.900
A,246,MET,2047,O,1.900
A,246,MET,2048,CB,1.900
A,246,MET,2049,CG,1.900
A,246,MET,2050,SD,1.900
A,246,MET,2051,CE,1.900
A,247,ASN,2052,N,-3.500
A,247,ASN,2053,CA,-3.500
A,247,ASN,2054,C,-3.500
A,247,ASN,2055,O,-3.500
A,247,ASN,2056,CB,-3.500
A,247,ASN,2057,CG,-3.500
A,247,ASN,2058,OD1,-3.500
A,247,ASN,2059,ND2,-3.500
A,248,ARG,2060,N,-4.500
A,248,ARG,2061,CA,-4.500
A,248,ARG,2062,C,-4.500
A,248,ARG,2063,O,-4.500
A,248,ARG,2064,CB,-4.500
A,248,ARG,2065,CG,-4.500
A,248,ARG,2066,CD,-4.500
A,248,ARG,2067,NE,-4.500
A,248,ARG,2068,CZ,-4.500
A,248,ARG,2069,NH1,-4.500
A,248,ARG,2070,NH2,-4.500
A,249,ARG,2071,N,-4.500
A,249,ARG,2072,CA,-4.500
A,249,ARG,2073,C,-4.500
A,249,ARG,2074,O,-4.500
A,249,ARG,2075,CB,-4.500
A,249,ARG,2076,CG,-4.500
A,249,ARG,2077,CD,-4.500
A,249,ARG,2078,NE,-4.500
A,249,ARG,2079,CZ,-4.500
A,249,ARG,2080,NH1,-4.500
A,249,ARG,2081,NH2,-4.500
A,250,PRO,2082,N,-1.600
A,250,PRO,2083,CA,-1.600
A,250,PRO,2084,C,-1.600
A,250,PRO,2085,O,-1.600
A,250,PRO,2086,CB,-1.600
A,250,PRO,2087,CG,-1.600
A,250,PRO,2088,CD,-1.600
A,251,ILE,2089,N,4.500
A,251,ILE,2090,CA,4.500
A,251,ILE,2091,C,4.500
A,251,ILE,2092,O,4.500
A,251,ILE,2093,CB,4.500
A,251,ILE,2094,CG1,4.500
A,251,ILE,2095,CG2,4.500
A,251,ILE,2096,CD1,4.500
A,252,LEU,2097,N,3.800
A,252,LEU,2098,CA,3.800
A,252,LEU,2099,C,3.800
A,252,LEU,2100,O,3.800
A,252,LEU,2101,CB,3.800
A,252,LEU,2102,CG,3.800
A,252,LEU,2103,CD1,3.800
A,252,LEU,2104,CD2,3.800
A,253,THR,2105,N,-0.700
A,253,THR,2106,CA,-0.700
A,253,THR,2107,C,-0.700
A,253,THR,2108,O,-0.700
A,253,THR,2109,CB,-0.700
A,253,THR,2110,OG1,-0.700
A,253,THR,2111,CG2,-0.700
A,254,ILE,2112,N,4.500
A,254,ILE,2113,CA,4.500
A,254,ILE,2114,C,4.500
A,254,ILE,2115,O,4.500
A,254,ILE,2116,CB,4.500
A,254,ILE,2117,CG1,4.500
A,254,ILE,2118,CG2,4.500
A,254,ILE,2119,CD1,4.500
A,255,ILE,2120,N,4.500
A,255,ILE,2121,CA,4.500
A,255,ILE,2122,C,4.500
A,255,ILE,2123,O,4.500
A,255,ILE,2124,CB,4.500
A,255,ILE,2125,CG1,4.500
A,255,ILE,2126,CG2,4.500
A,255,ILE,2127,CD1,4.500
A,256,THR,2128,N,-0.700
A,256,THR,2129,CA,-0.700
A,256,THR,2130,C,-0.700
A,256,THR,2131,O,-0.700
A,256,THR,2132,CB,-0.700
A,256,THR,2133,OG1,-0.700
A,256,THR,2134,CG2,-0.700
A,257,LEU,2135,N,3.800
A,257,LEU,2136,CA,3.800
A,257,LEU,2137,C,3.800
A,257,LEU,2138,O,3.800
A,257,LEU,2139,CB,3.800
A,257,LEU,2140,CG,3.800
A,257,LEU,2141,CD1,3.800
A,257,LEU,2142,CD2,3.800
A,258,GLU,2143,N,-3.500
A,258,GLU,2144,CA,-3.500
A,258,GLU,2145,C,-3.500
A,258,GLU,2146,O,-3.500
A,258,GLU,2147,CB,-3.500
A,258,GLU,2148,CG,-3.500
A,258,GLU,2149,CD,-3.500
A,258,GLU,2150,OE1,-3.500
A,258,GLU,2151,OE2,-3.500
A,259,ASP,2152,N,-3.500
A,259,ASP,2153,CA,-3.500
A,259,ASP,2154,C,-3.500
A,259,ASP,2155,O,-3.500
A,259,ASP,2156,CB,-3.500
A,259,ASP,2157,CG,-3.500
A,259,ASP,2158,OD1,-3.500
A,259,ASP,2159,OD2,-3.500
A,260,SER,2160,N,-0.800
A,260,SER,2161,CA,-0.800
A,260,SER,2162,C,-0.800
A,260,SER,2163,O,-0.800
A,260,SER,2164,CB,-0.800
A,260,SER,2165,OG,-0.800
A,261,SER,2166,N,-0.800
A,261,SER,2167,CA,-0.800
A,261,SER,2168,C,-0.800
A,261,SER,2169,O,-0.800
A,261,SER,2170,CB,-0.800
A,261,SER,2171,OG,-0.800
A,262,GLY,2172,N,-0.400
A,262,GLY,2173,CA,-0.400
A,262,GLY,2174,C,-0.400
A,262,GLY,2175,O,-0.400
A,263,ASN,2176,N,-3.500
A,263,ASN,2177,CA,-3.500
A,263,ASN,2178,C,-3.500
A,263,ASN,2179,O,-3.500
A,263,ASN,2180,CB,-3.500
A,263,ASN,2181,CG,-3.500
A,263,ASN,2182,OD1,-3.500
A,263,ASN,2183,ND2,-3.500
A,264,LEU,2184,N,3.800
A,264,LEU,2185,CA,3.800
A,264,LEU,2186,C,3.800
A,264,LEU,2187,O,3.800
A,264,LEU,2188,CB,3.800
A,264,LEU,2189,CG,3.800
A,264,LEU,2190,CD1,3.800
A,264,LEU,2191,CD2,3.800
A,265,LEU,2192,N,3.800
A,265,LEU,2193,CA,3.800
A,265,LEU,2194,C,3.800
A,265,LEU,2195,O,3.800
A,265,LEU,2196,CB,3.800
A,265,LEU,2197,CG,3.800
A,265,LEU,2198,CD1,3.800
A,265,LEU,2199,CD2,3.800
A,266,GLY,2200,N,-0.400
A,266,GLY,2201,CA,-0.400
A,266,GLY,2202,C,-0.400
A,266,GLY,2203,O,-0.400
A,267,ARG,2204,N,-4.500
A,267,ARG,2205,CA,-4.500
A,267,ARG,2206,C,-4.500
A,267,ARG,2207,O,-4.500
A,267,ARG,2208,CB,-4.500
A,267,ARG,2209,CG,-4.500
A,267,ARG,2210,CD,-4.500
A,267,ARG,2211,NE,-4.500
A,267,ARG,2212,CZ,-4.500
A,267,ARG,2213,NH1,-4.500
A,267,ARG,2214,NH2,-4.500
A,268,ASN,2215,N,-3.500
A,268,ASN,2216,CA,-3.500
A,268,ASN,2217,C,-3.500
A,268,ASN,2218,O,-3.500
A,268,ASN,2219,CB,-3.500
A,268,ASN,2220,CG,-3.500
A,268,ASN,2221,OD1,-3.500
A,268,ASN,2222,ND2,-3.500
A,269,SER,2223,N,-0.800
A,269,SER,2224,CA,-0.800
A,269,SER,2225,C,-0.800
A,269,SER,2226,O,-0.800
A,269,SER,2227,CB,-0.800
A,269,SER,2228,OG,-0.800
A,270,PHE,2229,N,2.800
A,270,PHE,2230,CA,2.800
A,270,PHE,2231,C,2.800
A,270,PHE,2232,O,2.800
A,270,PHE,2233,CB,2.800
A,270,PHE,2234,CG,2.800
A,270,PHE,2235,CD1,2.800
A,270,PHE,2236,CD2,2.800
A,270,PHE,2237,CE1,2.800
A,270,PHE,2238,CE2,2.800
A,270,PHE,2239,CZ,2.800
A,271,GLU,2240,N,-3.500
A,271,GLU,2241,CA,-3.500
A,271,GLU,2242,C,-3.500
A,271,GLU,2243,O,-3.500
A,271,GLU,2244,CB,-3.500
A,271,GLU,2245,CG,-3.500
A,271,GLU,2246,CD,-3.500
A,271,GLU,2247,OE1,-3.500
A,271,GLU,2248,OE2,-3.500
A,272,VAL,2249,N,4.200
A,272,VAL,2250,CA,4.200
A,272,VAL,2251,C,4.200
A,272,VAL,2252,O,4.200
A,272,VAL,2253,CB,4.200
A,272,VAL,2254,CG1,4.200
A,272,VAL,2255,CG2,4.200
A,273,ARG,2256,N,-4.500
A,273,ARG,2257,CA,-4.500
A,273,ARG,2258,C,-4.500
A,273,ARG,2259,O,-4.500
A,273,ARG,2260,CB,-4.500
A,273,ARG,2261,CG,-4.500
A,273,ARG,2262,CD,-4.500
A,273,ARG,2263,NE,-4.500
A,273,ARG,2264,CZ,-4.500
A,273,ARG,2265,NH1,-4.500
A,273,ARG,2266,NH2,-4.500
A,274,VAL,2267,N,4.200
A,274,VAL,2268,CA,4.200
A,274,VAL,2269,C,4.200
A,274,VAL,2270,O,4.200
A,274,VAL,2271,CB,4.200
A,274,VAL,2272,CG1,4.200
A,274,VAL,2273,CG2,4.200
A,275,CYS,2274,N,2.500
A,275,CYS,2275,CA,2.500
A,275,CYS,2276,C,2.500
A,275,CYS,2277,O,2.500
A,275,CYS,2278,CB,2.500
A,275,CYS,2279,SG,2.500
A,276,ALA,2280,N,1.800
A,276,ALA,2281,CA,1.800
A,276,ALA,2282,C,1.800
A,276,ALA,2283,O,1.800
A,276,ALA,2284,CB,1.800
A,277,CYS,2285,N,2.500
A,277,CYS,2286,CA,2.500
A,277,CYS,2287,C,2.500
A,277,CYS,2288,O,2.500
A,277,CYS,2289,CB,2.500
A,277,CYS,2290,SG,2.500
A,278,PRO,2291,N,-1.600
A,278,PRO,2292,CA,-1.600
A,278,PRO,2293,C,-1.600
A,278,PRO,2294,O,-1.600
A,278,PRO,2295,CB,-1.600
A,278,PRO,2296,CG,-1.600
A,278,PRO,2297,CD,-1.600
A,279,GLY,2298,N,-0.400
A,279,GLY,2299,CA,-0.400
A,279,GLY,2300,C,-0.400
A,279,GLY,2301,O,-0.400
A,280,ARG,2302,N,-4.500
A,280,ARG,2303,CA,-4.500
A,280,ARG,2304,C,-4.500
A,280,ARG,2305,O,-4.500
A,280,ARG,2306,CB,-4.500
A,280,ARG,2307,CG,-4.500
A,280,ARG,2308,CD,-4.500
A,280,ARG,2309,NE,-4.500
A,280,ARG,2310,CZ,-4.500
A,280,ARG,2311,NH1,-4.500
A,280,ARG,2312,NH2,-4.500
A,281,ASP,2313,N,-3.500
A,281,ASP,2314,CA,-3.500
A,281,ASP,2315,C,-3.500
A,281,ASP,2316,O,-3.500
A,281,ASP,2317,CB,-3.500
A,281,ASP,2318,CG,-3.500
A,281,ASP,2319,OD1,-3.500
A,281,ASP,2320,OD2,-3.500
A,282,ARG,2321,N,-4.500
A,282,ARG,2322,CA,-4.500
A,282,ARG,2323,C,-4.500
A,282,ARG,2324,O,-4.500
A,282,ARG,2325,CB,-4.500
A,282,ARG,2326,CG,-4.500
A,282,ARG,2327,CD,-4.500
A,282,ARG,2328,NE,-4.500
A,282,ARG,2329,CZ,-4.500
A,282,ARG,2330,NH1,-4.500
A,282,ARG,2331,NH2,-4.500
A,283,ARG,2332,N,-4.500
A,283,ARG,2333,CA,-4.500
A,283,ARG,2334,C,-4.500
A,283,ARG,2335,O,-4.500
A,283,ARG,2336,CB,-4.500
A,283,ARG,2337,CG,-4.500
A,283,ARG,2338,CD,-4.500
A,283,ARG,2339,NE,-4.500
A,283,ARG,2340,CZ,-4.500
A,283,ARG,2341,NH1,-4.500
A,283,ARG,2342,NH2,-4.500
A,284,THR,2343,N,-0.700
A,284,THR,2344,CA,-0.700
A,284,THR,2345,C,-0.700
A,284,THR,2346,O,-0.700
A,284,THR,2347,CB,-0.700
A,284,THR,2348,OG1,-0.700
A,284,THR,2349,CG2,-0.700
A,285,GLU,2350,N,-3.500
A,285,GLU,2351,CA,-3.500
A,285,GLU,2352,C,-3.500
A,285,GLU,2353,O,-3.500
A,285,GLU,2354,CB,-3.500
A,285,GLU,2355,CG,-3.500
A,285,GLU,2356,CD,-3.500
A,285,GLU,2357,OE1,-3.500
A,285,GLU,2358,OE2,-3.500
A,286,GLU,2359,N,-3.500
A,286,GLU,2360,CA,-3.500
A,286,GLU,2361,C,-3.500
A,286,GLU,2362,O,-3.500
A,286,GLU,2363,CB,-3.500
A,286,GLU,2364,CG,-3.500
A,286,GLU,2365,CD,-3.500
A,286,GLU,2366,OE1,-3.500
A,286,GLU,2367,OE2,-3.500
A,287,GLU,2368,N,-3.500
A,287,GLU,2369,CA,-3.500
A,287,GLU,2370,C,-3.500
A,287,GLU,2371,O,-3.500
A,287,GLU,2372,CB,-3.500
A,287,GLU,2373,CG,-3.500
A,287,GLU,2374,CD,-3.500
A,287,GLU,2375,OE1,-3.500
A,287,GLU,2376,OE2,-3.500
A,288,ASN,2377,N,-3.500
A,288,ASN,2378,CA,-3.500
A,288,ASN,2379,C,-3.500
A,288,ASN,2380,O,-3.500
A,288,ASN,2381,CB,-3.500
A,288,ASN,2382,CG,-3.500
A,288,ASN,2383,OD1,-3.500
A,288,ASN,2384,ND2,-3.500
A,289,LEU,2385,N,3.800
A,289,LEU,2386,CA,3.800
A,289,LEU,2387,C,3.800
A,289,LEU,2388,O,3.800
A,289,LEU,2389,CB,3.800
A,289,LEU,2390,CG,3.800
A,289,LEU,2391,CD1,3.800
A,289,LEU,2392,CD2,3.800
