Chain,ResNum,ResName,AtomNum,AtomName,SASA_A2
A,1,VAL,1,N,30.99
A,1,VAL,2,CA,8.86
A,1,VAL,3,C,1.21
A,1,VAL,4,O,8.93
A,1,VAL,5,CB,10.47
A,1,VAL,6,CG1,44.28
A,1,VAL,7,CG2,48.71
A,2,LEU,8,N,6.93
A,2,LEU,9,CA,0.00
A,2,LEU,10,C,0.00
A,2,LEU,11,O,7.86
A,2,LEU,12,CB,2.42
A,2,LEU,13,CG,0.81
A,2,LEU,14,CD1,0.81
A,2,LEU,15,CD2,7.25
A,3,SER,16,N,0.73
A,3,SER,17,CA,6.44
A,3,SER,18,C,0.00
A,3,SER,19,O,0.00
A,3,SER,20,CB,24.56
A,3,SER,21,OG,10.71
A,4,PRO,22,N,0.36
A,4,PRO,23,CA,1.21
A,4,PRO,24,C,0.40
A,4,PRO,25,O,2.14
A,4,PRO,26,CB,31.00
A,4,PRO,27,CG,35.83
A,4,PRO,28,CD,27.78
A,5,ALA,29,N,1.09
A,5,ALA,30,CA,7.25
A,5,ALA,31,C,0.40
A,5,ALA,32,O,0.36
A,5,ALA,33,CB,53.14
A,6,ASP,34,N,0.00
A,6,ASP,35,CA,0.00
A,6,ASP,36,C,0.00
A,6,ASP,37,O,0.00
A,6,ASP,38,CB,0.00
A,6,ASP,39,CG,0.00
A,6,ASP,40,OD1,14.64
A,6,ASP,41,OD2,0.00
A,7,LYS,42,N,0.00
A,7,LYS,43,CA,0.81
A,7,LYS,44,C,1.21
A,7,LYS,45,O,1.07
A,7,LYS,46,CB,6.04
A,7,LYS,47,CG,0.00
A,7,LYS,48,CD,6.44
A,7,LYS,49,CE,6.84
A,7,LYS,50,NZ,26.98
A,8,THR,51,N,0.00
A,8,THR,52,CA,2.42
A,8,THR,53,C,0.00
A,8,THR,54,O,3.57
A,8,THR,55,CB,2.01
A,8,THR,56,OG1,32.86
A,8,THR,57,CG2,43.88
A,9,ASN,58,N,0.00
A,9,ASN,59,CA,0.81
A,9,ASN,60,C,0.40
A,9,ASN,61,O,1.43
A,9,ASN,62,CB,0.00
A,9,ASN,63,CG,0.00
A,9,ASN,64,OD1,29.64
A,9,ASN,65,ND2,9.48
A,10,VAL,66,N,0.00
A,10,VAL,67,CA,0.00
A,10,VAL,68,C,0.00
A,10,VAL,69,O,0.00
A,10,VAL,70,CB,0.40
A,10,VAL,71,CG1,1.61
A,10,VAL,72,CG2,1.61
A,11,LYS,73,N,0.00
A,11,LYS,74,CA,0.40
A,11,LYS,75,C,1.21
A,11,LYS,76,O,11.07
A,11,LYS,77,CB,13.69
A,11,LYS,78,CG,1.61
A,11,LYS,79,CD,26.57
A,11,LYS,80,CE,6.84
A,11,LYS,81,NZ,32.44
A,12,ALA,82,N,0.00
A,12,ALA,83,CA,11.67
A,12,ALA,84,C,1.61
A,12,ALA,85,O,10.36
A,12,ALA,86,CB,40.66
A,13,ALA,87,N,0.00
A,13,ALA,88,CA,1.21
A,13,ALA,89,C,0.40
A,13,ALA,90,O,0.00
A,13,ALA,91,CB,3.22
A,14,TRP,92,N,0.36
A,14,TRP,93,CA,0.00
A,14,TRP,94,C,0.81
A,14,TRP,95,O,1.07
A,14,TRP,96,CB,0.40
A,14,TRP,97,CG,0.00
A,14,TRP,98,CD1,12.88
A,14,TRP,99,CD2,0.00
A,14,TRP,100,NE1,0.00
A,14,TRP,101,CE2,0.00
A,14,TRP,102,CE3,3.22
A,14,TRP,103,CZ2,0.00
A,14,TRP,104,CZ3,7.25
A,14,TRP,105,CH2,5.64
A,15,GLY,106,N,0.00
A,15,GLY,107,CA,29.39
A,15,GLY,108,C,2.01
A,15,GLY,109,O,23.57
A,16,LYS,110,N,5.10
A,16,LYS,111,CA,0.40
A,16,LYS,112,C,0.00
A,16,LYS,113,O,13.21
A,16,LYS,114,CB,0.40
A,16,LYS,115,CG,0.00
A,16,LYS,116,CD,36.63
A,16,LYS,117,CE,25.76
A,16,LYS,118,NZ,32.08
A,17,VAL,119,N,0.00
A,17,VAL,120,CA,0.00
A,17,VAL,121,C,0.00
A,17,VAL,122,O,0.71
A,17,VAL,123,CB,0.00
A,17,VAL,124,CG1,0.40
A,17,VAL,125,CG2,0.81
A,18,GLY,126,N,0.00
A,18,GLY,127,CA,22.54
A,18,GLY,128,C,2.82
A,18,GLY,129,O,17.14
A,19,ALA,130,N,4.37
A,19,ALA,131,CA,12.08
A,19,ALA,132,C,0.40
A,19,ALA,133,O,31.79
A,19,ALA,134,CB,59.17
A,20,HIS,135,N,0.00
A,20,HIS,136,CA,0.00
A,20,HIS,137,C,0.00
A,20,HIS,138,O,0.00
A,20,HIS,139,CB,0.00
A,20,HIS,140,CG,0.00
A,20,HIS,141,ND1,4.74
A,20,HIS,142,CD2,12.08
A,20,HIS,143,CE1,34.22
A,20,HIS,144,NE2,24.06
A,21,ALA,145,N,0.00
A,21,ALA,146,CA,0.00
A,21,ALA,147,C,0.00
A,21,ALA,148,O,0.71
A,21,ALA,149,CB,4.83
A,22,GLY,150,N,7.66
A,22,GLY,151,CA,7.65
A,22,GLY,152,C,1.21
A,22,GLY,153,O,3.57
A,23,GLU,154,N,6.20
A,23,GLU,155,CA,6.84
A,23,GLU,156,C,0.00
A,23,GLU,157,O,3.57
A,23,GLU,158,CB,6.44
A,23,GLU,159,CG,23.35
A,23,GLU,160,CD,25.36
A,23,GLU,161,OE1,19.29
A,23,GLU,162,OE2,25.72
A,24,TYR,163,N,0.00
A,24,TYR,164,CA,0.00
A,24,TYR,165,C,0.00
A,24,TYR,166,O,0.36
A,24,TYR,167,CB,6.04
A,24,TYR,168,CG,0.00
A,24,TYR,169,CD1,0.00
A,24,TYR,170,CD2,0.00
A,24,TYR,171,CE1,0.40
A,24,TYR,172,CE2,0.00
A,24,TYR,173,CZ,0.00
A,24,TYR,174,OH,14.29
A,25,GLY,175,N,0.73
A,25,GLY,176,CA,2.42
A,25,GLY,177,C,0.00
A,25,GLY,178,O,1.43
A,26,ALA,179,N,0.00
A,26,ALA,180,CA,0.00
A,26,ALA,181,C,0.40
A,26,ALA,182,O,1.07
A,26,ALA,183,CB,12.08
A,27,GLU,184,N,1.09
A,27,GLU,185,CA,1.61
A,27,GLU,186,C,0.00
A,27,GLU,187,O,0.71
A,27,GLU,188,CB,6.04
A,27,GLU,189,CG,8.45
A,27,GLU,190,CD,7.65
A,27,GLU,191,OE1,2.14
A,27,GLU,192,OE2,15.00
A,28,ALA,193,N,0.00
A,28,ALA,194,CA,0.00
A,28,ALA,195,C,0.00
A,28,ALA,196,O,0.00
A,28,ALA,197,CB,0.40
A,29,LEU,198,N,0.00
A,29,LEU,199,CA,0.00
A,29,LEU,200,C,0.00
A,29,LEU,201,O,0.00
A,29,LEU,202,CB,0.00
A,29,LEU,203,CG,0.40
A,29,LEU,204,CD1,1.61
A,29,LEU,205,CD2,2.42
A,30,GLU,206,N,0.00
A,30,GLU,207,CA,0.00
A,30,GLU,208,C,0.00
A,30,GLU,209,O,0.00
A,30,GLU,210,CB,3.62
A,30,GLU,211,CG,8.86
A,30,GLU,212,CD,8.86
A,30,GLU,213,OE1,19.29
A,30,GLU,214,OE2,17.14
A,31,ARG,215,N,0.00
A,31,ARG,216,CA,3.22
A,31,ARG,217,C,0.00
A,31,ARG,218,O,0.71
A,31,ARG,219,CB,4.03
A,31,ARG,220,CG,10.87
A,31,ARG,221,CD,0.81
A,31,ARG,222,NE,0.00
A,31,ARG,223,CZ,2.42
A,31,ARG,224,NH1,37.18
A,31,ARG,225,NH2,28.80
A,32,MET,226,N,0.00
A,32,MET,227,CA,0.00
A,32,MET,228,C,0.00
A,32,MET,229,O,0.00
A,32,MET,230,CB,0.00
A,32,MET,231,CG,0.00
A,32,MET,232,SD,4.72
A,32,MET,233,CE,4.03
A,33,PHE,234,N,0.00
A,33,PHE,235,CA,0.00
A,33,PHE,236,C,0.00
A,33,PHE,237,O,2.86
A,33,PHE,238,CB,6.84
A,33,PHE,239,CG,0.00
A,33,PHE,240,CD1,0.00
A,33,PHE,241,CD2,4.03
A,33,PHE,242,CE1,0.00
A,33,PHE,243,CE2,0.40
A,33,PHE,244,CZ,2.01
A,34,LEU,245,N,0.00
A,34,LEU,246,CA,0.81
A,34,LEU,247,C,0.40
A,34,LEU,248,O,26.79
A,34,LEU,249,CB,10.87
A,34,LEU,250,CG,2.01
A,34,LEU,251,CD1,44.68
A,34,LEU,252,CD2,47.50
A,35,SER,253,N,0.00
A,35,SER,254,CA,5.64
A,35,SER,255,C,0.00
A,35,SER,256,O,25.36
A,35,SER,257,CB,4.43
A,35,SER,258,OG,40.00
A,36,PHE,259,N,0.00
A,36,PHE,260,CA,2.42
A,36,PHE,261,C,0.00
A,36,PHE,262,O,0.00
A,36,PHE,263,CB,0.40
A,36,PHE,264,CG,0.00
A,36,PHE,265,CD1,0.00
A,36,PHE,266,CD2,13.28
A,36,PHE,267,CE1,0.81
A,36,PHE,268,CE2,26.17
A,36,PHE,269,CZ,15.30
A,37,PRO,270,N,0.00
A,37,PRO,271,CA,0.00
A,37,PRO,272,C,1.21
A,37,PRO,273,O,6.43
A,37,PRO,274,CB,16.10
A,37,PRO,275,CG,35.02
A,37,PRO,276,CD,10.87
A,38,THR,277,N,0.00
A,38,THR,278,CA,3.22
A,38,THR,279,C,0.00
A,38,THR,280,O,1.07
A,38,THR,281,CB,12.08
A,38,THR,282,OG1,18.93
A,38,THR,283,CG2,56.36
A,39,THR,284,N,0.00
A,39,THR,285,CA,0.00
A,39,THR,286,C,0.00
A,39,THR,287,O,0.71
A,39,THR,288,CB,2.82
A,39,THR,289,OG1,0.00
A,39,THR,290,CG2,0.81
A,40,LYS,291,N,0.00
A,40,LYS,292,CA,0.00
A,40,LYS,293,C,0.81
A,40,LYS,294,O,6.07
A,40,LYS,295,CB,10.87
A,40,LYS,296,CG,0.00
A,40,LYS,297,CD,10.47
A,40,LYS,298,CE,8.45
A,40,LYS,299,NZ,55.04
A,41,THR,300,N,0.00
A,41,THR,301,CA,7.65
A,41,THR,302,C,0.00
A,41,THR,303,O,22.86
A,41,THR,304,CB,10.06
A,41,THR,305,OG1,13.21
A,41,THR,306,CG2,47.50
A,42,TYR,307,N,0.00
A,42,TYR,308,CA,3.62
A,42,TYR,309,C,0.00
A,42,TYR,310,O,18.57
A,42,TYR,311,CB,5.23
A,42,TYR,312,CG,0.40
A,42,TYR,313,CD1,10.87
A,42,TYR,314,CD2,3.62
A,42,TYR,315,CE1,12.08
A,42,TYR,316,CE2,2.42
A,42,TYR,317,CZ,2.01
A,42,TYR,318,OH,19.29
A,43,PHE,319,N,0.00
A,43,PHE,320,CA,0.00
A,43,PHE,321,C,0.00
A,43,PHE,322,O,1.79
A,43,PHE,323,CB,0.00
A,43,PHE,324,CG,0.00
A,43,PHE,325,CD1,0.00
A,43,PHE,326,CD2,0.00
A,43,PHE,327,CE1,6.84
A,43,PHE,328,CE2,10.06
A,43,PHE,329,CZ,14.89
A,44,PRO,330,N,0.00
A,44,PRO,331,CA,10.06
A,44,PRO,332,C,2.42
A,44,PRO,333,O,31.43
A,44,PRO,334,CB,28.98
A,44,PRO,335,CG,30.19
A,44,PRO,336,CD,2.42
A,45,HIS,337,N,0.36
A,45,HIS,338,CA,8.05
A,45,HIS,339,C,2.42
A,45,HIS,340,O,19.29
A,45,HIS,341,CB,22.14
A,45,HIS,342,CG,9.66
A,45,HIS,343,ND1,2.19
A,45,HIS,344,CD2,24.15
A,45,HIS,345,CE1,14.09
A,45,HIS,346,NE2,18.23
A,46,PHE,347,N,0.00
A,46,PHE,348,CA,0.00
A,46,PHE,349,C,3.22
A,46,PHE,350,O,17.14
A,46,PHE,351,CB,0.00
A,46,PHE,352,CG,0.00
A,46,PHE,353,CD1,0.40
A,46,PHE,354,CD2,0.00
A,46,PHE,355,CE1,1.61
A,46,PHE,356,CE2,9.66
A,46,PHE,357,CZ,20.53
A,47,ASP,358,N,1.82
A,47,ASP,359,CA,5.64
A,47,ASP,360,C,0.00
A,47,ASP,361,O,0.00
A,47,ASP,362,CB,12.08
A,47,ASP,363,CG,10.06
A,47,ASP,364,OD1,13.93
A,47,ASP,365,OD2,31.43
A,48,LEU,366,N,4.01
A,48,LEU,367,CA,0.00
A,48,LEU,368,C,9.66
A,48,LEU,369,O,20.00
A,48,LEU,370,CB,10.87
A,48,LEU,371,CG,0.00
A,48,LEU,372,CD1,10.87
A,48,LEU,373,CD2,0.00
A,49,SER,374,N,0.36
A,49,SER,375,CA,5.23
A,49,SER,376,C,0.00
A,49,SER,377,O,1.43
A,49,SER,378,CB,33.01
A,49,SER,379,OG,16.79
A,50,HIS,380,N,12.03
A,50,HIS,381,CA,4.03
A,50,HIS,382,C,0.00
A,50,HIS,383,O,24.64
A,50,HIS,384,CB,18.52
A,50,HIS,385,CG,0.00
A,50,HIS,386,ND1,1.09
A,50,HIS,387,CD2,39.45
A,50,HIS,388,CE1,31.40
A,50,HIS,389,NE2,24.06
A,51,GLY,390,N,2.55
A,51,GLY,391,CA,14.49
A,51,GLY,392,C,0.81
A,51,GLY,393,O,20.00
A,52,SER,394,N,1.09
A,52,SER,395,CA,6.84
A,52,SER,396,C,0.00
A,52,SER,397,O,0.00
A,52,SER,398,CB,2.82
A,52,SER,399,OG,0.00
A,53,ALA,400,N,9.84
A,53,ALA,401,CA,5.23
A,53,ALA,402,C,1.21
A,53,ALA,403,O,10.71
A,53,ALA,404,CB,58.37
A,54,GLN,405,N,0.73
A,54,GLN,406,CA,5.64
A,54,GLN,407,C,0.00
A,54,GLN,408,O,3.57
A,54,GLN,409,CB,0.00
A,54,GLN,410,CG,20.53
A,54,GLN,411,CD,0.81
A,54,GLN,412,OE1,11.79
A,54,GLN,413,NE2,34.63
A,55,VAL,414,N,0.00
A,55,VAL,415,CA,0.81
A,55,VAL,416,C,0.00
A,55,VAL,417,O,0.00
A,55,VAL,418,CB,0.00
A,55,VAL,419,CG1,10.06
A,55,VAL,420,CG2,2.01
A,56,LYS,421,N,0.00
A,56,LYS,422,CA,0.00
A,56,LYS,423,C,0.00
A,56,LYS,424,O,7.50
A,56,LYS,425,CB,13.28
A,56,LYS,426,CG,7.25
A,56,LYS,427,CD,24.96
A,56,LYS,428,CE,19.32
A,56,LYS,429,NZ,55.77
A,57,GLY,430,N,2.19
A,57,GLY,431,CA,24.56
A,57,GLY,432,C,2.82
A,57,GLY,433,O,4.29
A,58,HIS,434,N,0.73
A,58,HIS,435,CA,0.81
A,58,HIS,436,C,0.00
A,58,HIS,437,O,0.00
A,58,HIS,438,CB,1.61
A,58,HIS,439,CG,0.00
A,58,HIS,440,ND1,9.11
A,58,HIS,441,CD2,1.61
A,58,HIS,442,CE1,28.18
A,58,HIS,443,NE2,7.29
A,59,GLY,444,N,0.00
A,59,GLY,445,CA,0.00
A,59,GLY,446,C,0.00
A,59,GLY,447,O,0.00
A,60,LYS,448,N,0.00
A,60,LYS,449,CA,0.00
A,60,LYS,450,C,0.00
A,60,LYS,451,O,0.00
A,60,LYS,452,CB,2.82
A,60,LYS,453,CG,4.83
A,60,LYS,454,CD,20.93
A,60,LYS,455,CE,41.46
A,60,LYS,456,NZ,65.98
A,61,LYS,457,N,0.00
A,61,LYS,458,CA,2.01
A,61,LYS,459,C,2.42
A,61,LYS,460,O,8.57
A,61,LYS,461,CB,10.47
A,61,LYS,462,CG,22.54
A,61,LYS,463,CD,10.47
A,61,LYS,464,CE,21.74
A,61,LYS,465,NZ,62.33
A,62,VAL,466,N,0.00
A,62,VAL,467,CA,2.82
A,62,VAL,468,C,0.00
A,62,VAL,469,O,1.07
A,62,VAL,470,CB,0.00
A,62,VAL,471,CG1,13.69
A,62,VAL,472,CG2,14.09
A,63,ALA,473,N,0.00
A,63,ALA,474,CA,0.00
A,63,ALA,475,C,0.00
A,63,ALA,476,O,0.00
A,63,ALA,477,CB,2.42
A,64,ASP,478,N,0.00
A,64,ASP,479,CA,0.40
A,64,ASP,480,C,2.01
A,64,ASP,481,O,6.79
A,64,ASP,482,CB,12.88
A,64,ASP,483,CG,16.10
A,64,ASP,484,OD1,20.71
A,64,ASP,485,OD2,30.00
A,65,ALA,486,N,1.82
A,65,ALA,487,CA,3.22
A,65,ALA,488,C,0.81
A,65,ALA,489,O,0.71
A,65,ALA,490,CB,14.49
A,66,LEU,491,N,0.00
A,66,LEU,492,CA,0.00
A,66,LEU,493,C,0.00
A,66,LEU,494,O,0.00
A,66,LEU,495,CB,0.00
A,66,LEU,496,CG,0.40
A,66,LEU,497,CD1,3.62
A,66,LEU,498,CD2,11.67
A,67,THR,499,N,0.00
A,67,THR,500,CA,0.00
A,67,THR,501,C,0.00
A,67,THR,502,O,2.14
A,67,THR,503,CB,0.00
A,67,THR,504,OG1,6.07
A,67,THR,505,CG2,45.08
A,68,ASN,506,N,0.36
A,68,ASN,507,CA,5.64
A,68,ASN,508,C,0.00
A,68,ASN,509,O,0.00
A,68,ASN,510,CB,9.26
A,68,ASN,511,CG,2.01
A,68,ASN,512,OD1,14.29
A,68,ASN,513,ND2,22.24
A,69,ALA,514,N,0.00
A,69,ALA,515,CA,0.00
A,69,ALA,516,C,0.00
A,69,ALA,517,O,0.00
A,69,ALA,518,CB,0.81
A,70,VAL,519,N,0.00
A,70,VAL,520,CA,0.40
A,70,VAL,521,C,0.40
A,70,VAL,522,O,0.71
A,70,VAL,523,CB,0.00
A,70,VAL,524,CG1,12.48
A,70,VAL,525,CG2,0.00
A,71,ALA,526,N,1.09
A,71,ALA,527,CA,8.86
A,71,ALA,528,C,0.00
A,71,ALA,529,O,26.79
A,71,ALA,530,CB,27.78
A,72,HIS,531,N,0.00
A,72,HIS,532,CA,4.83
A,72,HIS,533,C,1.61
A,72,HIS,534,O,0.00
A,72,HIS,535,CB,0.40
A,72,HIS,536,CG,0.00
A,72,HIS,537,ND1,19.32
A,72,HIS,538,CD2,1.21
A,72,HIS,539,CE1,36.63
A,72,HIS,540,NE2,26.61
A,73,VAL,541,N,0.73
A,73,VAL,542,CA,0.00
A,73,VAL,543,C,0.00
A,73,VAL,544,O,11.79
A,73,VAL,545,CB,0.00
A,73,VAL,546,CG1,1.21
A,73,VAL,547,CG2,2.82
A,74,ASP,548,N,0.36
A,74,ASP,549,CA,3.62
A,74,ASP,550,C,0.40
A,74,ASP,551,O,31.79
A,74,ASP,552,CB,24.96
A,74,ASP,553,CG,10.47
A,74,ASP,554,OD1,7.50
A,74,ASP,555,OD2,40.72
A,75,ASP,556,N,0.00
A,75,ASP,557,CA,3.62
A,75,ASP,558,C,0.00
A,75,ASP,559,O,0.00
A,75,ASP,560,CB,8.86
A,75,ASP,561,CG,6.04
A,75,ASP,562,OD1,26.43
A,75,ASP,563,OD2,23.57
A,76,MET,564,N,0.36
A,76,MET,565,CA,0.00
A,76,MET,566,C,0.00
A,76,MET,567,O,0.00
A,76,MET,568,CB,2.82
A,76,MET,569,CG,0.00
A,76,MET,570,SD,0.00
A,76,MET,571,CE,6.04
A,77,PRO,572,N,0.00
A,77,PRO,573,CA,0.00
A,77,PRO,574,C,0.00
A,77,PRO,575,O,9.64
A,77,PRO,576,CB,34.62
A,77,PRO,577,CG,27.37
A,77,PRO,578,CD,12.08
A,78,ASN,579,N,0.00
A,78,ASN,580,CA,0.81
A,78,ASN,581,C,1.21
A,78,ASN,582,O,12.14
A,78,ASN,583,CB,9.26
A,78,ASN,584,CG,9.26
A,78,ASN,585,OD1,35.00
A,78,ASN,586,ND2,39.00
A,79,ALA,587,N,0.00
A,79,ALA,588,CA,8.05
A,79,ALA,589,C,0.00
A,79,ALA,590,O,20.00
A,79,ALA,591,CB,2.01
A,80,LEU,592,N,0.00
A,80,LEU,593,CA,1.61
A,80,LEU,594,C,0.00
A,80,LEU,595,O,0.00
A,80,LEU,596,CB,0.00
A,80,LEU,597,CG,0.00
A,80,LEU,598,CD1,0.81
A,80,LEU,599,CD2,4.03
A,81,SER,600,N,0.36
A,81,SER,601,CA,0.00
A,81,SER,602,C,0.40
A,81,SER,603,O,0.00
A,81,SER,604,CB,19.72
A,81,SER,605,OG,25.36
A,82,ALA,606,N,1.82
A,82,ALA,607,CA,5.64
A,82,ALA,608,C,0.00
A,82,ALA,609,O,7.86
A,82,ALA,610,CB,59.98
A,83,LEU,611,N,1.46
A,83,LEU,612,CA,0.00
A,83,LEU,613,C,0.00
A,83,LEU,614,O,0.00
A,83,LEU,615,CB,0.40
A,83,LEU,616,CG,0.81
A,83,LEU,617,CD1,31.80
A,83,LEU,618,CD2,22.94
A,84,SER,619,N,0.00
A,84,SER,620,CA,0.00
A,84,SER,621,C,0.00
A,84,SER,622,O,0.00
A,84,SER,623,CB,0.00
A,84,SER,624,OG,2.14
A,85,ASP,625,N,0.00
A,85,ASP,626,CA,0.00
A,85,ASP,627,C,2.01
A,85,ASP,628,O,0.36
A,85,ASP,629,CB,12.08
A,85,ASP,630,CG,0.40
A,85,ASP,631,OD1,9.64
A,85,ASP,632,OD2,40.00
A,86,LEU,633,N,0.73
A,86,LEU,634,CA,3.22
A,86,LEU,635,C,0.00
A,86,LEU,636,O,0.00
A,86,LEU,637,CB,3.62
A,86,LEU,638,CG,0.00
A,86,LEU,639,CD1,34.62
A,86,LEU,640,CD2,31.80
A,87,HIS,641,N,0.00
A,87,HIS,642,CA,0.00
A,87,HIS,643,C,0.00
A,87,HIS,644,O,0.00
A,87,HIS,645,CB,0.00
A,87,HIS,646,CG,0.00
A,87,HIS,647,ND1,0.00
A,87,HIS,648,CD2,2.42
A,87,HIS,649,CE1,11.67
A,87,HIS,650,NE2,21.51
A,88,ALA,651,N,0.00
A,88,ALA,652,CA,0.00
A,88,ALA,653,C,0.00
A,88,ALA,654,O,8.57
A,88,ALA,655,CB,0.00
A,89,HIS,656,N,0.00
A,89,HIS,657,CA,1.21
A,89,HIS,658,C,0.00
A,89,HIS,659,O,10.71
A,89,HIS,660,CB,13.69
A,89,HIS,661,CG,5.23
A,89,HIS,662,ND1,14.58
A,89,HIS,663,CD2,15.70
A,89,HIS,664,CE1,28.58
A,89,HIS,665,NE2,11.66
A,90,LYS,666,N,0.00
A,90,LYS,667,CA,0.40
A,90,LYS,668,C,2.82
A,90,LYS,669,O,13.21
A,90,LYS,670,CB,10.87
A,90,LYS,671,CG,6.44
A,90,LYS,672,CD,9.66
A,90,LYS,673,CE,53.54
A,90,LYS,674,NZ,62.33
A,91,LEU,675,N,0.00
A,91,LEU,676,CA,2.01
A,91,LEU,677,C,0.00
A,91,LEU,678,O,20.00
A,91,LEU,679,CB,2.42
A,91,LEU,680,CG,0.00
A,91,LEU,681,CD1,16.50
A,91,LEU,682,CD2,46.29
A,92,ARG,683,N,0.00
A,92,ARG,684,CA,0.40
A,92,ARG,685,C,0.00
A,92,ARG,686,O,21.79
A,92,ARG,687,CB,12.88
A,92,ARG,688,CG,6.44
A,92,ARG,689,CD,6.04
A,92,ARG,690,NE,16.04
A,92,ARG,691,CZ,12.48
A,92,ARG,692,NH1,35.72
A,92,ARG,693,NH2,43.74
A,93,VAL,694,N,0.00
A,93,VAL,695,CA,0.00
A,93,VAL,696,C,0.00
A,93,VAL,697,O,0.00
A,93,VAL,698,CB,0.00
A,93,VAL,699,CG1,8.45
A,93,VAL,700,CG2,14.89
A,94,ASP,701,N,0.00
A,94,ASP,702,CA,5.23
A,94,ASP,703,C,0.00
A,94,ASP,704,O,0.00
A,94,ASP,705,CB,9.26
A,94,ASP,706,CG,4.43
A,94,ASP,707,OD1,46.79
A,94,ASP,708,OD2,11.43
A,95,PRO,709,N,0.00
A,95,PRO,710,CA,0.00
A,95,PRO,711,C,0.00
A,95,PRO,712,O,7.50
A,95,PRO,713,CB,23.35
A,95,PRO,714,CG,18.92
A,95,PRO,715,CD,10.47
A,96,VAL,716,N,1.46
A,96,VAL,717,CA,2.82
A,96,VAL,718,C,0.00
A,96,VAL,719,O,0.36
A,96,VAL,720,CB,6.04
A,96,VAL,721,CG1,27.37
A,96,VAL,722,CG2,28.98
A,97,ASN,723,N,0.00
A,97,ASN,724,CA,0.00
A,97,ASN,725,C,2.01
A,97,ASN,726,O,1.79
A,97,ASN,727,CB,6.84
A,97,ASN,728,CG,0.00
A,97,ASN,729,OD1,6.79
A,97,ASN,730,ND2,4.01
A,98,PHE,731,N,0.00
A,98,PHE,732,CA,1.61
A,98,PHE,733,C,0.00
A,98,PHE,734,O,1.79
A,98,PHE,735,CB,3.22
A,98,PHE,736,CG,0.40
A,98,PHE,737,CD1,8.45
A,98,PHE,738,CD2,0.40
A,98,PHE,739,CE1,8.45
A,98,PHE,740,CE2,0.40
A,98,PHE,741,CZ,2.82
A,99,LYS,742,N,0.00
A,99,LYS,743,CA,3.22
A,99,LYS,744,C,1.61
A,99,LYS,745,O,7.86
A,99,LYS,746,CB,12.48
A,99,LYS,747,CG,7.25
A,99,LYS,748,CD,27.78
A,99,LYS,749,CE,23.75
A,99,LYS,750,NZ,65.98
A,100,LEU,751,N,0.00
A,100,LEU,752,CA,0.81
A,100,LEU,753,C,0.00
A,100,LEU,754,O,0.00
A,100,LEU,755,CB,0.00
A,100,LEU,756,CG,0.40
A,100,LEU,757,CD1,13.28
A,100,LEU,758,CD2,27.37
A,101,LEU,759,N,0.00
A,101,LEU,760,CA,0.00
A,101,LEU,761,C,0.00
A,101,LEU,762,O,0.00
A,101,LEU,763,CB,1.21
A,101,LEU,764,CG,0.81
A,101,LEU,765,CD1,1.21
A,101,LEU,766,CD2,37.84
A,102,SER,767,N,0.73
A,102,SER,768,CA,0.40
A,102,SER,769,C,0.40
A,102,SER,770,O,0.36
A,102,SER,771,CB,8.86
A,102,SER,772,OG,6.43
A,103,HIS,773,N,1.09
A,103,HIS,774,CA,1.61
A,103,HIS,775,C,0.00
A,103,HIS,776,O,0.00
A,103,HIS,777,CB,11.67
A,103,HIS,778,CG,4.43
A,103,HIS,779,ND1,1.82
A,103,HIS,780,CD2,21.74
A,103,HIS,781,CE1,28.98
A,103,HIS,782,NE2,21.87
A,104,CYS,783,N,0.00
A,104,CYS,784,CA,0.00
A,104,CYS,785,C,0.00
A,104,CYS,786,O,0.00
A,104,CYS,787,CB,0.00
A,104,CYS,788,SG,4.29
A,105,LEU,789,N,0.00
A,105,LEU,790,CA,0.00
A,105,LEU,791,C,0.00
A,105,LEU,792,O,0.00
A,105,LEU,793,CB,0.40
A,105,LEU,794,CG,0.40
A,105,LEU,795,CD1,6.44
A,105,LEU,796,CD2,11.67
A,106,LEU,797,N,0.00
A,106,LEU,798,CA,0.00
A,106,LEU,799,C,2.01
A,106,LEU,800,O,0.36
A,106,LEU,801,CB,2.42
A,106,LEU,802,CG,0.00
A,106,LEU,803,CD1,10.87
A,106,LEU,804,CD2,0.00
A,107,VAL,805,N,0.00
A,107,VAL,806,CA,2.01
A,107,VAL,807,C,0.00
A,107,VAL,808,O,1.79
A,107,VAL,809,CB,0.81
A,107,VAL,810,CG1,22.94
A,107,VAL,811,CG2,25.76
A,108,THR,812,N,0.00
A,108,THR,813,CA,0.00
A,108,THR,814,C,0.00
A,108,THR,815,O,0.00
A,108,THR,816,CB,0.40
A,108,THR,817,OG1,0.00
A,108,THR,818,CG2,0.40
A,109,LEU,819,N,0.00
A,109,LEU,820,CA,0.00
A,109,LEU,821,C,0.00
A,109,LEU,822,O,0.00
A,109,LEU,823,CB,0.40
A,109,LEU,824,CG,0.40
A,109,LEU,825,CD1,7.25
A,109,LEU,826,CD2,3.22
A,110,ALA,827,N,0.00
A,110,ALA,828,CA,0.00
A,110,ALA,829,C,0.81
A,110,ALA,830,O,16.07
A,110,ALA,831,CB,22.14
A,111,ALA,832,N,0.36
A,111,ALA,833,CA,7.25
A,111,ALA,834,C,0.40
A,111,ALA,835,O,31.79
A,111,ALA,836,CB,24.96
A,112,HIS,837,N,0.00
A,112,HIS,838,CA,1.61
A,112,HIS,839,C,0.00
A,112,HIS,840,O,19.64
A,112,HIS,841,CB,0.00
A,112,HIS,842,CG,0.00
A,112,HIS,843,ND1,13.85
A,112,HIS,844,CD2,0.00
A,112,HIS,845,CE1,24.15
A,112,HIS,846,NE2,4.37
A,113,LEU,847,N,0.00
A,113,LEU,848,CA,0.00
A,113,LEU,849,C,0.00
A,113,LEU,850,O,0.00
A,113,LEU,851,CB,0.00
A,113,LEU,852,CG,0.00
A,113,LEU,853,CD1,3.62
A,113,LEU,854,CD2,3.22
A,114,PRO,855,N,0.00
A,114,PRO,856,CA,10.06
A,114,PRO,857,C,2.82
A,114,PRO,858,O,21.43
A,114,PRO,859,CB,28.98
A,114,PRO,860,CG,38.24
A,114,PRO,861,CD,6.44
A,115,ALA,862,N,0.73
A,115,ALA,863,CA,10.47
A,115,ALA,864,C,0.00
A,115,ALA,865,O,25.00
A,115,ALA,866,CB,45.49
A,116,GLU,867,N,0.00
A,116,GLU,868,CA,6.04
A,116,GLU,869,C,1.21
A,116,GLU,870,O,2.14
A,116,GLU,871,CB,2.01
A,116,GLU,872,CG,21.33
A,116,GLU,873,CD,0.00
A,116,GLU,874,OE1,1.79
A,116,GLU,875,OE2,16.43
A,117,PHE,876,N,0.00
A,117,PHE,877,CA,0.00
A,117,PHE,878,C,1.61
A,117,PHE,879,O,19.29
A,117,PHE,880,CB,2.42
A,117,PHE,881,CG,0.00
A,117,PHE,882,CD1,1.21
A,117,PHE,883,CD2,12.48
A,117,PHE,884,CE1,0.00
A,117,PHE,885,CE2,10.87
A,117,PHE,886,CZ,2.01
A,118,THR,887,N,0.00
A,118,THR,888,CA,2.42
A,118,THR,889,C,1.21
A,118,THR,890,O,0.00
A,118,THR,891,CB,2.82
A,118,THR,892,OG1,8.21
A,118,THR,893,CG2,43.88
A,119,PRO,894,N,0.00
A,119,PRO,895,CA,3.22
A,119,PRO,896,C,0.40
A,119,PRO,897,O,7.86
A,119,PRO,898,CB,33.01
A,119,PRO,899,CG,41.86
A,119,PRO,900,CD,25.36
A,120,ALA,901,N,2.55
A,120,ALA,902,CA,5.23
A,120,ALA,903,C,0.00
A,120,ALA,904,O,2.14
A,120,ALA,905,CB,51.53
A,121,VAL,906,N,0.00
A,121,VAL,907,CA,0.00
A,121,VAL,908,C,0.00
A,121,VAL,909,O,0.00
A,121,VAL,910,CB,0.00
A,121,VAL,911,CG1,1.61
A,121,VAL,912,CG2,16.50
A,122,HIS,913,N,0.00
A,122,HIS,914,CA,0.00
A,122,HIS,915,C,0.00
A,122,HIS,916,O,0.00
A,122,HIS,917,CB,0.00
A,122,HIS,918,CG,2.82
A,122,HIS,919,ND1,16.77
A,122,HIS,920,CD2,4.43
A,122,HIS,921,CE1,40.25
A,122,HIS,922,NE2,19.68
A,123,ALA,923,N,0.00
A,123,ALA,924,CA,6.44
A,123,ALA,925,C,0.00
A,123,ALA,926,O,5.00
A,123,ALA,927,CB,43.47
A,124,SER,928,N,0.00
A,124,SER,929,CA,0.00
A,124,SER,930,C,0.00
A,124,SER,931,O,0.00
A,124,SER,932,CB,0.00
A,124,SER,933,OG,2.14
A,125,LEU,934,N,0.00
A,125,LEU,935,CA,0.00
A,125,LEU,936,C,0.00
A,125,LEU,937,O,0.00
A,125,LEU,938,CB,0.00
A,125,LEU,939,CG,0.40
A,125,LEU,940,CD1,1.61
A,125,LEU,941,CD2,4.43
A,126,ASP,942,N,0.00
A,126,ASP,943,CA,0.00
A,126,ASP,944,C,0.00
A,126,ASP,945,O,1.43
A,126,ASP,946,CB,3.22
A,126,ASP,947,CG,7.65
A,126,ASP,948,OD1,22.14
A,126,ASP,949,OD2,44.29
A,127,LYS,950,N,0.00
A,127,LYS,951,CA,2.42
A,127,LYS,952,C,0.00
A,127,LYS,953,O,1.79
A,127,LYS,954,CB,4.43
A,127,LYS,955,CG,9.26
A,127,LYS,956,CD,24.56
A,127,LYS,957,CE,9.66
A,127,LYS,958,NZ,26.98
A,128,PHE,959,N,0.00
A,128,PHE,960,CA,0.00
A,128,PHE,961,C,0.00
A,128,PHE,962,O,0.00
A,128,PHE,963,CB,0.00
A,128,PHE,964,CG,0.00
A,128,PHE,965,CD1,0.00
A,128,PHE,966,CD2,0.00
A,128,PHE,967,CE1,0.00
A,128,PHE,968,CE2,4.03
A,128,PHE,969,CZ,0.00
A,129,LEU,970,N,0.00
A,129,LEU,971,CA,0.00
A,129,LEU,972,C,0.00
A,129,LEU,973,O,1.07
A,129,LEU,974,CB,0.40
A,129,LEU,975,CG,1.21
A,129,LEU,976,CD1,3.22
A,129,LEU,977,CD2,8.45
A,130,ALA,978,N,0.36
A,130,ALA,979,CA,6.04
A,130,ALA,980,C,1.21
A,130,ALA,981,O,2.86
A,130,ALA,982,CB,43.47
A,131,SER,983,N,0.00
A,131,SER,984,CA,3.62
A,131,SER,985,C,0.00
A,131,SER,986,O,0.71
A,131,SER,987,CB,7.25
A,131,SER,988,OG,21.07
A,132,VAL,989,N,0.00
A,132,VAL,990,CA,0.00
A,132,VAL,991,C,0.00
A,132,VAL,992,O,0.00
A,132,VAL,993,CB,0.00
A,132,VAL,994,CG1,11.67
A,132,VAL,995,CG2,0.00
A,133,SER,996,N,0.00
A,133,SER,997,CA,0.00
A,133,SER,998,C,0.81
A,133,SER,999,O,0.00
A,133,SER,1000,CB,11.27
A,133,SER,1001,OG,7.14
A,134,THR,1002,N,0.36
A,134,THR,1003,CA,1.61
A,134,THR,1004,C,0.00
A,134,THR,1005,O,2.50
A,134,THR,1006,CB,0.40
A,134,THR,1007,OG1,30.72
A,134,THR,1008,CG2,49.51
A,135,VAL,1009,N,0.00
A,135,VAL,1010,CA,2.42
A,135,VAL,1011,C,0.00
A,135,VAL,1012,O,0.00
A,135,VAL,1013,CB,0.00
A,135,VAL,1014,CG1,3.22
A,135,VAL,1015,CG2,16.10
A,136,LEU,1016,N,0.00
A,136,LEU,1017,CA,0.00
A,136,LEU,1018,C,0.00
A,136,LEU,1019,O,0.00
A,136,LEU,1020,CB,0.00
A,136,LEU,1021,CG,0.00
A,136,LEU,1022,CD1,21.74
A,136,LEU,1023,CD2,0.40
A,137,THR,1024,N,0.00
A,137,THR,1025,CA,0.00
A,137,THR,1026,C,0.40
A,137,THR,1027,O,11.43
A,137,THR,1028,CB,9.26
A,137,THR,1029,OG1,0.71
A,137,THR,1030,CG2,13.69
A,138,SER,1031,N,0.00
A,138,SER,1032,CA,4.83
A,138,SER,1033,C,0.00
A,138,SER,1034,O,28.22
A,138,SER,1035,CB,20.53
A,138,SER,1036,OG,18.93
A,139,LYS,1037,N,0.00
A,139,LYS,1038,CA,5.23
A,139,LYS,1039,C,0.00
A,139,LYS,1040,O,6.79
A,139,LYS,1041,CB,5.64
A,139,LYS,1042,CG,12.48
A,139,LYS,1043,CD,3.62
A,139,LYS,1044,CE,34.62
A,139,LYS,1045,NZ,4.37
A,140,TYR,1046,N,0.00
A,140,TYR,1047,CA,0.00
A,140,TYR,1048,C,0.00
A,140,TYR,1049,O,30.00
A,140,TYR,1050,CB,12.08
A,140,TYR,1051,CG,0.40
A,140,TYR,1052,CD1,17.71
A,140,TYR,1053,CD2,0.00
A,140,TYR,1054,CE1,2.01
A,140,TYR,1055,CE2,0.00
A,140,TYR,1056,CZ,0.00
A,140,TYR,1057,OH,0.00
A,141,ARG,1058,N,1.09
A,141,ARG,1059,CA,5.64
A,141,ARG,1060,C,10.06
A,141,ARG,1061,O,27.50
A,141,ARG,1062,CB,17.31
A,141,ARG,1063,CG,14.49
A,141,ARG,1064,CD,27.37
A,141,ARG,1065,NE,15.31
A,141,ARG,1066,CZ,10.47
A,141,ARG,1067,NH1,49.94
A,141,ARG,1068,NH2,54.31
A,141,ARG,1069,OXT,43.57
